Name,URL,Departments,Location
富士大学大学院,https://univ-journal.jp/daigakuin/49065/,経済・経営システム研究科,岩手県
群馬大学大学院,https://univ-journal.jp/daigakuin/48676/,"教育学研究科, 社会情報学研究科, 医学系研究科, 保健学研究科, 理工学府",群馬県
東京女子医科大学大学院,https://univ-journal.jp/daigakuin/48986/,"医学研究科, 看護学研究科",東京都
広島国際大学大学院,https://univ-journal.jp/daigakuin/48689/,"医療科学研究科 ※2024年4月 新設, 健康科学研究科 ※2024年4月 新設, 看護学研究科, 薬学研究科",広島県
日本社会事業大学大学院,https://univ-journal.jp/daigakuin/49037/,"社会福祉学研究科, 福祉マネジメント研究科",東京都
明治学院大学大学院,https://univ-journal.jp/daigakuin/49139/,"文学研究科, 経済学研究科, 社会学研究科, 法学研究科, 国際学研究科, 心理学研究科, 法と経営学研究科","東京都,神奈川県"
武蔵野音楽大学大学院,https://univ-journal.jp/daigakuin/49068/,音楽研究科,東京都
徳島文理大学大学院,https://univ-journal.jp/daigakuin/49024/,"工学研究科, 文学研究科, 薬学研究科, 人間生活学研究科, 看護学研究科, 総合政策学研究科","香川県,徳島県"
鹿児島純心大学大学院,https://univ-journal.jp/daigakuin/48769/,人間科学研究科,鹿児島県
中央大学大学院,https://univ-journal.jp/daigakuin/48931/,"法学研究科, 経済学研究科, 商学研究科, 理工学研究科, 文学研究科, 総合政策研究科, 国際情報研究科, 法務研究科, 戦略経営研究科",東京都
名古屋産業大学大学院,https://univ-journal.jp/daigakuin/49130/,環境マネジメント研究科,愛知県
立命館アジア太平洋大学大学院,https://univ-journal.jp/daigakuin/49150/,"アジア太平洋研究科, 経営管理研究科",大分県
尚美学園大学大学院,https://univ-journal.jp/daigakuin/48785/,"芸術情報研究科, 総合政策研究科",埼玉県
琉球大学大学院,https://univ-journal.jp/daigakuin/49154/,"人文社会科学研究科, 地域共創研究科, 教育学研究科, 医学研究科, 保健学研究科, 理工学研究科, 農学研究科, 法務研究科, 鹿児島大学大学院連合農学研究科",沖縄県
兵庫教育大学大学院,https://univ-journal.jp/daigakuin/49097/,"学校教育研究科, 兵庫教育大学大学院連合学校教育学研究科",兵庫県
別府大学大学院,https://univ-journal.jp/daigakuin/49101/,"文学研究科, 食物栄養科学研究科",大分県
神奈川工科大学大学院,https://univ-journal.jp/daigakuin/48830/,工学研究科,神奈川県
名古屋経済大学大学院,https://univ-journal.jp/daigakuin/49127/,"法学研究科, 会計学研究科, 人間生活科学研究科",愛知県
島根大学大学院,https://univ-journal.jp/daigakuin/48964/,"人間社会科学研究科, 教育学研究科, 医学系研究科, 自然科学研究科, 鳥取大学大学院連合農学研究科",島根県
東邦音楽大学大学院,https://univ-journal.jp/daigakuin/49004/,音楽研究科,東京都
福島県立医科大学大学院,https://univ-journal.jp/daigakuin/49088/,"医学研究科, 看護学研究科",福島県
前橋工科大学大学院,https://univ-journal.jp/daigakuin/48882/,工学研究科,群馬県
鹿児島国際大学大学院,https://univ-journal.jp/daigakuin/48768/,"経済学研究科, 福祉社会学研究科, 国際文化研究科",鹿児島県
金沢大学大学院,https://univ-journal.jp/daigakuin/48654/,"人間社会環境研究科, 自然科学研究科, 医薬保健学総合研究科, 先進予防医学研究科, 大阪大学大学院連合小児発達学研究科, 新学術創成研究科, 法学研究科, 教職実践研究科",石川県
日本工業大学大学院,https://univ-journal.jp/daigakuin/49035/,"工学研究科, 技術経営研究科","埼玉県,東京都"
西九州大学大学院,https://univ-journal.jp/daigakuin/48855/,生活支援科学研究科,佐賀県
日本赤十字看護大学大学院,https://univ-journal.jp/daigakuin/49041/,看護学研究科,東京都
甲南女子大学大学院,https://univ-journal.jp/daigakuin/48699/,"人文科学総合研究科, 看護学研究科",兵庫県
昭和女子大学大学院,https://univ-journal.jp/daigakuin/48788/,"文学研究科, 生活機構研究科, 福祉社会・経営研究科",東京都
国際仏教学大学院大学,https://univ-journal.jp/daigakuin/48718/,仏教学研究科,東京都
京都教育大学大学院,https://univ-journal.jp/daigakuin/48627/,京都教育大学大学院連合教職実践研究科,京都府
新見公立大学大学院,https://univ-journal.jp/daigakuin/48815/,健康科学研究科,岡山県
札幌市立大学大学院,https://univ-journal.jp/daigakuin/48736/,"デザイン研究科, 看護学研究科",北海道
富士大学大学院,https://univ-journal.jp/daigakuin/49065/,経済・経営システム研究科,岩手県
追手門学院大学大学院,https://univ-journal.jp/daigakuin/48951/,"経営・経済研究科, 心理学研究科, 現代社会文化研究科",大阪府
平成国際大学大学院,https://univ-journal.jp/daigakuin/49100/,法学研究科,埼玉県
愛媛大学大学院,https://univ-journal.jp/daigakuin/48557/,"人文社会科学研究科, 教育学研究科, 医学系研究科, 理工学研究科, 農学研究科, 愛媛大学大学院連合農学研究科",愛媛県
聖路加国際大学大学院,https://univ-journal.jp/daigakuin/48854/,"看護学研究科, 公衆衛生学研究科",東京都
九州産業大学大学院,https://univ-journal.jp/daigakuin/48661/,"国際文化研究科, 経済・ビジネス研究科, 情報科学研究科, 工学研究科, 芸術研究科",福岡県
岡山大学大学院,https://univ-journal.jp/daigakuin/48576/,"教育学研究科, 社会文化科学研究科, 環境生命自然科学研究科, 医歯薬学総合研究科, 保健学研究科, 法務研究科, ヘルスシステム統合科学研究科, 兵庫教育大学大学院連合学校教育学研究科",岡山県
静岡理工科大学大学院,https://univ-journal.jp/daigakuin/48865/,理工学研究科,静岡県
福岡教育大学大学院,https://univ-journal.jp/daigakuin/49077/,教育学研究科,福岡県
流通経済大学大学院,https://univ-journal.jp/daigakuin/49153/,"経済学研究科, 社会学研究科, 物流情報学研究科, 法学研究科, スポーツ健康科学研究科",茨城県
京都市立芸術大学大学院,https://univ-journal.jp/daigakuin/48632/,"美術研究科, 音楽研究科",京都府
跡見学園女子大学大学院,https://univ-journal.jp/daigakuin/48869/,"人文科学研究科, マネジメント研究科","埼玉県,東京都"
清泉女学院大学大学院,https://univ-journal.jp/daigakuin/48845/,看護学研究科,長野県
医療創生大学大学院,https://univ-journal.jp/daigakuin/48563/,"生命理工学研究科, 人文学研究科",福島県
福島県立医科大学大学院,https://univ-journal.jp/daigakuin/49088/,"医学研究科, 看護学研究科",福島県
聖マリア学院大学大学院,https://univ-journal.jp/daigakuin/48848/,看護学研究科,福岡県
長野保健医療大学大学院,https://univ-journal.jp/daigakuin/48948/,保健学研究科,長野県
北里大学大学院,https://univ-journal.jp/daigakuin/49119/,"薬学研究科, 獣医学系研究科, 海洋生命科学研究科, 看護学研究科, 理学研究科, 医療系研究科, 感染制御科学府, 未来工学研究科 ※2024年4月 新設","青森県,東京都,神奈川県"
茨城県立医療大学大学院,https://univ-journal.jp/daigakuin/48566/,保健医療科学研究科,茨城県
四天王寺大学大学院,https://univ-journal.jp/daigakuin/48756/,"人文社会学研究科, 看護学研究科",大阪府
福岡県立大学大学院,https://univ-journal.jp/daigakuin/49078/,"人間社会学研究科, 看護学研究科",福岡県
中京大学大学院,https://univ-journal.jp/daigakuin/48932/,"人文社会科学研究科 ※2024年4月 新設, 文学研究科, 心理学研究科, 社会学研究科, 法学研究科, 経済学研究科, 経営学研究科, 工学研究科, スポーツ科学研究科",愛知県
京都情報大学院大学,https://univ-journal.jp/daigakuin/48634/,応用情報技術研究科,"北海道,東京都,京都府"
沖縄県立芸術大学大学院,https://univ-journal.jp/daigakuin/48581/,"造形芸術研究科, 芸術文化学研究科, 音楽芸術研究科",沖縄県
デジタルハリウッド大学大学院,https://univ-journal.jp/daigakuin/48534/,デジタルコンテンツ研究科,東京都
人間総合科学大学大学院,https://univ-journal.jp/daigakuin/48834/,人間総合科学研究科,埼玉県
大阪商業大学大学院,https://univ-journal.jp/daigakuin/48908/,地域政策学研究科,大阪府
二松学舎大学大学院,https://univ-journal.jp/daigakuin/49032/,"文学研究科, 国際日本学研究科, 国際政治経済学研究科",東京都
明治国際医療大学大学院,https://univ-journal.jp/daigakuin/49140/,"鍼灸学研究科, 保健医療学研究科",京都府
北海商科大学大学院,https://univ-journal.jp/daigakuin/49109/,商学研究科,北海道
吉備国際大学大学院（通信制）,https://univ-journal.jp/daigakuin/73510/,"保健科学研究科, 心理学研究科, 連合国際協力研究科",通信
至学館大学大学院,https://univ-journal.jp/daigakuin/48759/,健康科学研究科,愛知県
京都文教大学大学院,https://univ-journal.jp/daigakuin/48641/,臨床心理学研究科,京都府
東京女子大学大学院,https://univ-journal.jp/daigakuin/48987/,"人間科学研究科, 理学研究科",東京都
西南学院大学大学院,https://univ-journal.jp/daigakuin/48856/,"法学研究科, 外国語学研究科 ※2024年4月 新設, 経営学研究科, 文学研究科, 経済学研究科, 神学研究科, 人間科学研究科, 国際文化研究科",福岡県
豊橋創造大学大学院,https://univ-journal.jp/daigakuin/49106/,健康科学研究科,愛知県
芝浦工業大学大学院,https://univ-journal.jp/daigakuin/48773/,理工学研究科,東京都
工学院大学大学院,https://univ-journal.jp/daigakuin/48686/,工学研究科,東京都
大阪音楽大学大学院,https://univ-journal.jp/daigakuin/48896/,音楽研究科,大阪府
日本赤十字豊田看護大学大学院,https://univ-journal.jp/daigakuin/49045/,看護学研究科,愛知県
新潟リハビリテーション大学大学院,https://univ-journal.jp/daigakuin/48806/,リハビリテーション研究科,"東京都,新潟県"
立教大学大学院,https://univ-journal.jp/daigakuin/49148/,"キリスト教学研究科, 文学研究科, 異文化コミュニケーション研究科, 経済学研究科, 経営学研究科, 理学研究科, 社会学研究科, 法学研究科, 観光学研究科, コミュニティ福祉学研究科, 現代心理学研究科, ビジネスデザイン研究科, 21世紀社会デザイン研究科, 人工知能科学研究科, スポーツウエルネス学研究科","埼玉県,東京都"
愛知教育大学大学院,https://univ-journal.jp/daigakuin/48547/,教育学研究科,愛知県
横浜創英大学大学院,https://univ-journal.jp/daigakuin/48573/,看護学研究科,神奈川県
新潟工科大学大学院,https://univ-journal.jp/daigakuin/48810/,工学研究科,新潟県
順天堂大学大学院,https://univ-journal.jp/daigakuin/48781/,"医学研究科, スポーツ健康科学研究科, 医療看護学研究科, 保健医療学研究科, 国際教養学研究科 ※2024年4月 新設","千葉県,東京都"
宇部フロンティア大学大学院,https://univ-journal.jp/daigakuin/48569/,人間科学研究科,山口県
鳥取大学大学院,https://univ-journal.jp/daigakuin/48949/,"持続性社会創生科学研究科, 医学系研究科, 工学研究科, 鳥取大学大学院連合農学研究科, 獣医学研究科",鳥取県
千葉科学大学大学院,https://univ-journal.jp/daigakuin/48872/,"薬学研究科, 危機管理学研究科, 看護学研究科",千葉県
福井工業大学大学院,https://univ-journal.jp/daigakuin/49074/,工学研究科,福井県
鹿児島純心大学大学院,https://univ-journal.jp/daigakuin/48769/,人間科学研究科,鹿児島県
東京家政大学大学院,https://univ-journal.jp/daigakuin/48974/,人間生活学総合研究科,東京都
帝京大学大学院,https://univ-journal.jp/daigakuin/48954/,"医学研究科, 薬学研究科, 経済学研究科, 法学研究科, 文学研究科, 外国語研究科, 理工学研究科, 医療技術学研究科, 保健学研究科, 教職研究科, 公衆衛生学研究科","栃木県,東京都,福岡県"
東京外国語大学大学院,https://univ-journal.jp/daigakuin/48976/,総合国際学研究科,東京都
関西国際大学大学院,https://univ-journal.jp/daigakuin/48597/,"人間行動学研究科, 看護学研究科",兵庫県
和洋女子大学大学院,https://univ-journal.jp/daigakuin/49162/,"人文科学研究科, 総合生活研究科, 看護学研究科 ※2024年4月 新設",千葉県
宮崎国際大学大学院,https://univ-journal.jp/daigakuin/156409/,国際教養研究科,宮崎県
大分大学大学院,https://univ-journal.jp/daigakuin/48925/,"教育学研究科, 経済学研究科, 医学研究科, 工学研究科, 福祉健康科学研究科",大分県
白百合女子大学大学院,https://univ-journal.jp/daigakuin/49055/,文学研究科,東京都
大東文化大学大学院,https://univ-journal.jp/daigakuin/48922/,"文学研究科, 経済学研究科, 法学研究科, 外国語学研究科, アジア地域研究科, 経営学研究科, スポーツ・健康科学研究科","埼玉県,東京都"
鈴鹿大学大学院,https://univ-journal.jp/daigakuin/49157/,国際学研究科,三重県
天理大学大学院,https://univ-journal.jp/daigakuin/48959/,"宗教文化研究科, 臨床人間学研究科, 体育学研究科",奈良県
日本体育大学大学院,https://univ-journal.jp/daigakuin/49047/,"体育科学研究科, 教育学研究科, 保健医療学研究科",東京都
長浜バイオ大学大学院,https://univ-journal.jp/daigakuin/48945/,バイオサイエンス研究科,滋賀県
県立広島大学大学院,https://univ-journal.jp/daigakuin/48680/,"総合学術研究科, 経営管理研究科",広島県
国士舘大学大学院,https://univ-journal.jp/daigakuin/48719/,"政治学研究科, 経済学研究科, 経営学研究科, スポーツ・システム研究科, 救急システム研究科, 工学研究科, 法学研究科, 総合知的財産法学研究科, 人文科学研究科, グローバルアジア研究科",東京都
北海道教育大学大学院,https://univ-journal.jp/daigakuin/49112/,教育学研究科,北海道
金沢星稜大学大学院,https://univ-journal.jp/daigakuin/48653/,経営戦略研究科,石川県
駒澤大学大学院,https://univ-journal.jp/daigakuin/48667/,"仏教学研究科, 人文科学研究科, 経済学研究科, 商学研究科, 法学研究科, 経営学研究科, 医療健康科学研究科, グローバル・メディア研究科",東京都
東京都市大学大学院,https://univ-journal.jp/daigakuin/48994/,"総合理工学研究科, 環境情報学研究科","東京都,神奈川県"
神奈川歯科大学大学院,https://univ-journal.jp/daigakuin/48831/,歯学研究科,神奈川県
宮崎大学大学院,https://univ-journal.jp/daigakuin/48620/,"教育学研究科, 看護学研究科, 工学研究科, 農学研究科, 地域資源創成学研究科, 医学獣医学総合研究科, 農学工学総合研究科",宮崎県
名城大学大学院,https://univ-journal.jp/daigakuin/49137/,"法学研究科, 経営学研究科, 経済学研究科, 人間学研究科, 都市情報学研究科, 理工学研究科, 農学研究科, 薬学研究科, 総合学術研究科",愛知県
東北福祉大学大学院,https://univ-journal.jp/daigakuin/49012/,"総合福祉学研究科, 教育学研究科",宮城県
北海道文教大学大学院,https://univ-journal.jp/daigakuin/49115/,"グローバルコミュニケーション研究科, 健康栄養科学研究科, リハビリテーション科学研究科, こども発達学研究科",北海道
北海道情報大学大学院,https://univ-journal.jp/daigakuin/49113/,経営情報学研究科,北海道
北海学園大学大学院,https://univ-journal.jp/daigakuin/49108/,"経済学研究科, 経営学研究科, 法学研究科, 文学研究科, 工学研究科",北海道
東京神学大学大学院,https://univ-journal.jp/daigakuin/48989/,神学研究科,東京都
大阪経済大学大学院,https://univ-journal.jp/daigakuin/48899/,"経済学研究科, 経営学研究科, 経営情報研究科, 人間科学研究科",大阪府
明海大学大学院,https://univ-journal.jp/daigakuin/49138/,"応用言語学研究科, 経済学研究科, 不動産学研究科, 歯学研究科","埼玉県,千葉県"
福岡工業大学大学院,https://univ-journal.jp/daigakuin/49079/,"工学研究科, 社会環境学研究科",福岡県
新潟医療福祉大学大学院,https://univ-journal.jp/daigakuin/48807/,医療福祉学研究科,新潟県
杏林大学大学院,https://univ-journal.jp/daigakuin/48562/,"医学研究科, 保健学研究科, 国際協力研究科",東京都
ルーテル学院大学大学院,https://univ-journal.jp/daigakuin/48542/,総合人間学研究科,東京都
神奈川工科大学大学院,https://univ-journal.jp/daigakuin/48830/,工学研究科,神奈川県
北海道科学大学大学院,https://univ-journal.jp/daigakuin/49111/,"工学研究科, 薬学研究科, 保健医療学研究科",北海道
創価大学大学院,https://univ-journal.jp/daigakuin/48883/,"経済学研究科, 法学研究科, 文学研究科, 国際平和学研究科, 理工学研究科, 法務研究科, 教育学研究科, 教職研究科",東京都
聖徳大学大学院,https://univ-journal.jp/daigakuin/48852/,"児童学研究科, 臨床心理学研究科, 言語文化研究科, 人間栄養学研究科, 看護学研究科, 音楽文化研究科, 教職研究科",千葉県
ビジネス・ブレークスルー大学大学院,https://univ-journal.jp/daigakuin/73508/,経営学研究科,通信
豊橋技術科学大学大学院,https://univ-journal.jp/daigakuin/49105/,工学研究科,愛知県
藍野大学大学院,https://univ-journal.jp/daigakuin/49147/,"看護学研究科, 健康科学研究科 ※2024年4月 新設",大阪府
獨協医科大学大学院,https://univ-journal.jp/daigakuin/49165/,"医学研究科, 看護学研究科",栃木県
富山県立大学大学院,https://univ-journal.jp/daigakuin/49063/,"工学研究科, 看護学研究科",富山県
帝京大学大学院　通信教育課程,https://univ-journal.jp/daigakuin/73520/,理工学研究科,通信
九州看護福祉大学大学院,https://univ-journal.jp/daigakuin/48658/,看護福祉学研究科,熊本県
嵯峨美術大学大学院,https://univ-journal.jp/daigakuin/48723/,芸術研究科,京都府
会津大学大学院,https://univ-journal.jp/daigakuin/48587/,コンピュータ理工学研究科,福島県
山梨大学大学院,https://univ-journal.jp/daigakuin/48750/,"教育学研究科, 医工農学総合教育部",山梨県
日本赤十字秋田看護大学大学院,https://univ-journal.jp/daigakuin/49044/,看護学研究科,秋田県
駿河台大学大学院,https://univ-journal.jp/daigakuin/48780/,"総合政策研究科, 心理学研究科",埼玉県
東亜大学大学院,https://univ-journal.jp/daigakuin/48965/,総合学術研究科,山口県
総合研究大学院大学,https://univ-journal.jp/daigakuin/48887/,先端学術院,神奈川県
鎌倉女子大学大学院,https://univ-journal.jp/daigakuin/48591/,児童学研究科,神奈川県
神戸薬科大学大学院,https://univ-journal.jp/daigakuin/48827/,薬学研究科,兵庫県
宮城学院女子大学大学院,https://univ-journal.jp/daigakuin/48621/,"人文科学研究科, 健康栄養学研究科",宮城県
東京音楽大学大学院,https://univ-journal.jp/daigakuin/48972/,音楽研究科,東京都
愛知大学大学院,https://univ-journal.jp/daigakuin/48554/,"法学研究科, 経済学研究科, 経営学研究科, 中国研究科, 国際コミュニケーション研究科, 文学研究科, 法務研究科",愛知県
群馬県立女子大学大学院,https://univ-journal.jp/daigakuin/48675/,"文学研究科, 国際コミュニケーション研究科",群馬県
広島文教大学大学院,https://univ-journal.jp/daigakuin/48695/,人間科学研究科,広島県
群馬大学大学院,https://univ-journal.jp/daigakuin/48676/,"教育学研究科, 社会情報学研究科, 医学系研究科, 保健学研究科, 理工学府",群馬県
新潟食料農業大学大学院,https://univ-journal.jp/daigakuin/93542/,食料産業学研究科,新潟県
帝京平成大学　通信制大学院,https://univ-journal.jp/daigakuin/73521/,環境情報学研究科,通信
名古屋商科大学大学院,https://univ-journal.jp/daigakuin/49133/,"マネジメント研究科, 会計ファイナンス研究科","愛知県,大阪府,東京都"
大阪大学大学院,https://univ-journal.jp/daigakuin/48913/,"人文学研究科, 人間科学研究科, 法学研究科, 経済学研究科, 理学研究科, 医学系研究科, 歯学研究科, 薬学研究科, 工学研究科, 基礎工学研究科, 国際公共政策研究科, 情報科学研究科, 生命機能研究科, 高等司法研究科, 大阪大学大学院連合小児発達学研究科",大阪府
神奈川大学大学院,https://univ-journal.jp/daigakuin/48832/,"法学研究科, 経済学研究科, 経営学研究科, 人文学研究科 ※2024年4月 外国語学研究科より名称変更予定, 人間科学研究科, 理学研究科, 工学研究科, 歴史民俗資料学研究科",神奈川県
八戸工業大学大学院,https://univ-journal.jp/daigakuin/49057/,工学研究科,青森県
京都府立大学大学院,https://univ-journal.jp/daigakuin/48640/,"文学研究科, 公共政策学研究科, 生命環境科学研究科, 食の文化学位プログラム ※2024年4月 新設",京都府
びわこ成蹊スポーツ大学大学院,https://univ-journal.jp/daigakuin/48538/,スポーツ学研究科,滋賀県
吉備国際大学大学院,https://univ-journal.jp/daigakuin/59277/,"社会学研究科, 保健科学研究科, 心理学研究科, 地域創成農学研究科","兵庫県,岡山県"
足利大学大学院,https://univ-journal.jp/daigakuin/48888/,工学研究科,栃木県
新潟青陵大学大学院,https://univ-journal.jp/daigakuin/48812/,"看護学研究科, 臨床心理学研究科",新潟県
大阪川崎リハビリテーション大学大学院,https://univ-journal.jp/daigakuin/93543/,リハビリテーション研究科,大阪府
国際仏教学大学院大学,https://univ-journal.jp/daigakuin/48718/,仏教学研究科,東京都
倉敷芸術科学大学大学院(通信制),https://univ-journal.jp/daigakuin/73519/,"芸術研究科, 産業科学技術研究科, 人間文化研究科",通信
愛知県立芸術大学大学院,https://univ-journal.jp/daigakuin/48548/,"美術研究科, 音楽研究科",愛知県
弘前学院大学大学院,https://univ-journal.jp/daigakuin/48696/,"文学研究科, 社会福祉学研究科",青森県
京都外国語大学大学院,https://univ-journal.jp/daigakuin/48625/,外国語学研究科,京都府
神奈川県立保健福祉大学大学院,https://univ-journal.jp/daigakuin/48829/,"保健福祉学研究科, ヘルスイノベーション研究科",神奈川県
東京工科大学大学院,https://univ-journal.jp/daigakuin/48980/,"バイオ・情報メディア研究科, 工学研究科, デザイン研究科, 医療技術学研究科",東京都
白梅学園大学大学院,https://univ-journal.jp/daigakuin/49054/,子ども学研究科,東京都
情報セキュリティ大学院大学,https://univ-journal.jp/daigakuin/48803/,情報セキュリティ研究科,神奈川県
長崎大学大学院,https://univ-journal.jp/daigakuin/48944/,"多文化社会学研究科, 教育学研究科, 経済学研究科, 総合生産科学研究科 ※2024年4月 新設, 医歯薬学総合研究科, 熱帯医学・グローバルヘルス研究科, プラネタリーヘルス学環",長崎県
天使大学大学院,https://univ-journal.jp/daigakuin/48958/,"看護栄養学研究科, 助産研究科",北海道
比治山大学大学院,https://univ-journal.jp/daigakuin/49058/,現代文化研究科,広島県
朝日大学大学院,https://univ-journal.jp/daigakuin/48937/,"法学研究科, 経営学研究科, 歯学研究科",岐阜県
杉野服飾大学大学院,https://univ-journal.jp/daigakuin/48837/,造形研究科,東京都
桜花学園大学大学院,https://univ-journal.jp/daigakuin/48731/,人間文化研究科,愛知県
東北芸術工科大学大学院,https://univ-journal.jp/daigakuin/49008/,芸術工学研究科,山形県
広島女学院大学大学院,https://univ-journal.jp/daigakuin/48692/,"言語文化研究科, 人間生活学研究科",広島県
東京女子医科大学大学院,https://univ-journal.jp/daigakuin/48986/,"医学研究科, 看護学研究科",東京都
奈良県立医科大学大学院,https://univ-journal.jp/daigakuin/49026/,"医学研究科, 看護学研究科",奈良県
東北工業大学大学院,https://univ-journal.jp/daigakuin/49010/,"工学研究科, 建築学研究科 ※2024年4月 新設, ライフデザイン学研究科",宮城県
安田女子大学大学院,https://univ-journal.jp/daigakuin/48561/,"文学研究科, 家政学研究科, 薬学研究科, 看護学研究科",広島県
茨城大学大学院,https://univ-journal.jp/daigakuin/48567/,"人文社会科学研究科, 教育学研究科, 理工学研究科, 農学研究科, 東京農工大学大学院連合農学研究科",茨城県
広島文化学園大学大学院,https://univ-journal.jp/daigakuin/48694/,"看護学研究科, 教育学研究科, 人間健康学研究科",広島県
酪農学園大学大学院,https://univ-journal.jp/daigakuin/49146/,"獣医学研究科, 酪農学研究科",北海道
九州情報大学大学院,https://univ-journal.jp/daigakuin/48663/,経営情報学研究科,福岡県
関西外国語大学大学院,https://univ-journal.jp/daigakuin/48594/,外国語学研究科,大阪府
福島大学大学院,https://univ-journal.jp/daigakuin/49089/,"地域デザイン科学研究科, 教職実践研究科, 共生システム理工学研究科, 食農科学研究科",福島県
北見工業大学大学院,https://univ-journal.jp/daigakuin/49117/,工学研究科,北海道
西九州大学大学院,https://univ-journal.jp/daigakuin/48855/,生活支援科学研究科,佐賀県
埼玉大学大学院,https://univ-journal.jp/daigakuin/48729/,"人文社会科学研究科, 教育学研究科, 理工学研究科, 東京学芸大学大学院連合学校教育学研究科","埼玉県,東京都"
京都女子大学大学院,https://univ-journal.jp/daigakuin/48633/,"文学研究科, 発達教育学研究科, 家政学研究科, 現代社会研究科, 法学研究科, 京都教育大学大学院連合教職実践研究科",京都府
上越教育大学大学院,https://univ-journal.jp/daigakuin/48796/,"学校教育研究科, 兵庫教育大学大学院連合学校教育学研究科",新潟県
龍谷大学大学院,https://univ-journal.jp/daigakuin/49155/,"文学研究科, 法学研究科, 経済学研究科, 経営学研究科, 社会学研究科, 理工学研究科, 実践真宗学研究科, 政策学研究科, 農学研究科, 国際学研究科, 京都教育大学大学院連合教職実践研究科","滋賀県,京都府"
慶應義塾大学大学院,https://univ-journal.jp/daigakuin/48679/,"文学研究科, 経済学研究科, 法学研究科, 社会学研究科, 商学研究科, 医学研究科, 理工学研究科, 政策・メディア研究科, 健康マネジメント研究科, 薬学研究科, 経営管理研究科, システムデザイン・マネジメント研究科, メディアデザイン研究科, 法務研究科","東京都,神奈川県"
関西福祉大学大学院,https://univ-journal.jp/daigakuin/48600/,"社会福祉学研究科, 教育学研究科, 看護学研究科",兵庫県
桐蔭横浜大学大学院,https://univ-journal.jp/daigakuin/48645/,"法学研究科, 工学研究科, スポーツ科学研究科",神奈川県
九州工業大学大学院,https://univ-journal.jp/daigakuin/48659/,"工学府, 情報工学府, 生命体工学研究科",福岡県
女子美術大学大学院,https://univ-journal.jp/daigakuin/48783/,美術研究科,"東京都,神奈川県"
湘南医療大学大学院,https://univ-journal.jp/daigakuin/232741/,保健医療学研究科,神奈川県
徳島文理大学大学院,https://univ-journal.jp/daigakuin/49024/,"工学研究科, 文学研究科, 薬学研究科, 人間生活学研究科, 看護学研究科, 総合政策学研究科","香川県,徳島県"
崇城大学大学院,https://univ-journal.jp/daigakuin/48836/,"工学研究科, 芸術研究科, 薬学研究科",熊本県
昭和音楽大学大学院,https://univ-journal.jp/daigakuin/48787/,音楽研究科,神奈川県
津田塾大学大学院,https://univ-journal.jp/daigakuin/48950/,"文学研究科, 国際関係学研究科, 理学研究科",東京都
長岡技術科学大学大学院,https://univ-journal.jp/daigakuin/48938/,工学研究科,新潟県
大阪公立大学大学院,https://univ-journal.jp/daigakuin/93538/,"現代システム科学研究科, 文学研究科, 法学研究科, 法学研究科（法科大学院）, 経済学研究科, 経営学研究科, 都市経営研究科, 情報学研究科, 理学研究科, 工学研究科, 農学研究科, 獣医学研究科, 医学研究科, リハビリテーション学研究科, 看護学研究科, 生活科学研究科",大阪府
椙山女学園大学大学院,https://univ-journal.jp/daigakuin/48838/,"生活科学研究科, 人間関係学研究科, 現代マネジメント研究科, 教育学研究科",愛知県
福岡女学院大学大学院,https://univ-journal.jp/daigakuin/49081/,人文科学研究科,福岡県
大阪産業大学大学院,https://univ-journal.jp/daigakuin/48904/,"人間環境学研究科, 経営・流通学研究科, 経済学研究科, 工学研究科",大阪府
嘉悦大学大学院,https://univ-journal.jp/daigakuin/48585/,ビジネス創造研究科,東京都
琉球大学大学院,https://univ-journal.jp/daigakuin/49154/,"人文社会科学研究科, 地域共創研究科, 教育学研究科, 医学研究科, 保健学研究科, 理工学研究科, 農学研究科, 法務研究科, 鹿児島大学大学院連合農学研究科",沖縄県
広島工業大学大学院,https://univ-journal.jp/daigakuin/48688/,工学系研究科,広島県
岩手県立大学大学院,https://univ-journal.jp/daigakuin/48603/,"看護学研究科, 社会福祉学研究科, ソフトウェア情報学研究科, 総合政策研究科",岩手県
福山大学大学院,https://univ-journal.jp/daigakuin/49085/,"経済学研究科, 人間科学研究科, 工学研究科, 薬学研究科",広島県
岐阜大学大学院,https://univ-journal.jp/daigakuin/48611/,"教育学研究科, 地域科学研究科, 医学系研究科, 工学研究科, 自然科学技術研究科, 共同獣医学研究科, 岐阜大学大学院連合農学研究科, 岐阜大学大学院連合創薬医療情報研究科",岐阜県
石川県立大学大学院,https://univ-journal.jp/daigakuin/48868/,生物資源環境学研究科,石川県
桜美林大学大学院,https://univ-journal.jp/daigakuin/48732/,国際学術研究科,東京都
東京福祉大学大学院,https://univ-journal.jp/daigakuin/48999/,"心理学研究科, 社会福祉学研究科, 教育学研究科","群馬県,東京都,愛知県"
獨協大学大学院,https://univ-journal.jp/daigakuin/49166/,"法学研究科, 外国語学研究科, 経済学研究科",埼玉県
徳島大学大学院,https://univ-journal.jp/daigakuin/49023/,"創成科学研究科, 医学研究科, 口腔科学研究科, 薬学研究科, 医科栄養学研究科, 保健科学研究科",徳島県
立命館アジア太平洋大学大学院,https://univ-journal.jp/daigakuin/49150/,"アジア太平洋研究科, 経営管理研究科",大分県
岐阜保健大学大学院,https://univ-journal.jp/daigakuin/48612/,看護学研究科,岐阜県
千葉工業大学大学院,https://univ-journal.jp/daigakuin/48874/,"工学研究科, 創造工学研究科, 先進工学研究科, 情報科学研究科, 社会システム科学研究科",千葉県
筑紫女学園大学大学院,https://univ-journal.jp/daigakuin/48928/,人間科学研究科,福岡県
長崎総合科学大学大学院,https://univ-journal.jp/daigakuin/48943/,工学研究科,長崎県
上智大学大学院,https://univ-journal.jp/daigakuin/48797/,"神学研究科, 文学研究科, 実践宗教学研究科, 総合人間科学研究科, 法学研究科, 経済学研究科, 言語科学研究科, グローバル・スタディーズ研究科, 理工学研究科, 地球環境学研究科",東京都
聖隷クリストファー大学大学院,https://univ-journal.jp/daigakuin/48853/,"看護学研究科, リハビリテーション科学研究科, 社会福祉学研究科",静岡県
明治学院大学大学院,https://univ-journal.jp/daigakuin/49139/,"文学研究科, 経済学研究科, 社会学研究科, 法学研究科, 国際学研究科, 心理学研究科, 法と経営学研究科","東京都,神奈川県"
東北医科薬科大学大学院,https://univ-journal.jp/daigakuin/49006/,"薬学研究科, 医学研究科",宮城県
聖心女子大学大学院,https://univ-journal.jp/daigakuin/48850/,人文社会科学研究科,東京都
名古屋経済大学大学院,https://univ-journal.jp/daigakuin/49127/,"法学研究科, 会計学研究科, 人間生活科学研究科",愛知県
広島経済大学大学院,https://univ-journal.jp/daigakuin/48687/,経済学研究科,広島県
電気通信大学大学院,https://univ-journal.jp/daigakuin/48961/,情報理工学研究科,東京都
山口県立大学大学院,https://univ-journal.jp/daigakuin/48743/,"国際文化学研究科, 健康福祉学研究科",山口県
中国学園大学大学院,https://univ-journal.jp/daigakuin/48933/,"現代生活学研究科, 子ども学研究科",岡山県
下関市立大学大学院,https://univ-journal.jp/daigakuin/48584/,経済学研究科,山口県
梅花女子大学大学院,https://univ-journal.jp/daigakuin/49052/,"文学研究科, 現代人間学研究科, 看護保健学研究科",大阪府
明星大学大学院,https://univ-journal.jp/daigakuin/49143/,"理工学研究科, 人文学研究科, 情報学研究科, 経済学研究科, 教育学研究科, 心理学研究科",東京都
神戸情報大学院大学,https://univ-journal.jp/daigakuin/48824/,情報技術研究科,兵庫県
石巻専修大学大学院,https://univ-journal.jp/daigakuin/48866/,"理工学研究科, 経営学研究科",宮城県
北海道大学大学院,https://univ-journal.jp/daigakuin/49114/,"文学院, 法学研究科, 情報科学院, 水産科学院, 環境科学院, 理学院, 農学院, 生命科学院, 教育学院, 国際広報メディア・観光学院, 保健科学院, 工学院, 総合化学院, 経済学院, 医学院, 歯学院, 獣医学院, 医理工学院, 国際感染症学院, 国際食資源学院, 公共政策学教育部",北海道
神戸親和大学大学院,https://univ-journal.jp/daigakuin/48825/,文学研究科,兵庫県
京都産業大学大学院,https://univ-journal.jp/daigakuin/48631/,"経済学研究科, マネジメント研究科, 法学研究科, 現代社会学研究科, 外国語学研究科, 理学研究科, 先端情報学研究科, 生命科学研究科, 京都教育大学大学院連合教職実践研究科",京都府
中央大学大学院,https://univ-journal.jp/daigakuin/48931/,"法学研究科, 経済学研究科, 商学研究科, 理工学研究科, 文学研究科, 総合政策研究科, 国際情報研究科, 法務研究科, 戦略経営研究科",東京都
日本女子大学通信制大学院,https://univ-journal.jp/daigakuin/73525/,家政学研究科,通信
目白大学大学院,https://univ-journal.jp/daigakuin/49145/,"国際交流研究科, 心理学研究科, 経営学研究科, 生涯福祉研究科, 言語文化研究科, 看護学研究科, リハビリテーション学研究科",東京都
日本工業大学大学院,https://univ-journal.jp/daigakuin/49035/,"工学研究科, 技術経営研究科","埼玉県,東京都"
文化学園大学大学院,https://univ-journal.jp/daigakuin/49091/,"生活環境学研究科, 国際文化研究科",東京都
日本獣医生命科学大学大学院,https://univ-journal.jp/daigakuin/49038/,獣医生命科学研究科,東京都
同志社女子大学大学院,https://univ-journal.jp/daigakuin/49020/,"文学研究科, 国際社会システム研究科, 薬学研究科, 看護学研究科, 生活科学研究科",京都府
産業技術大学院大学,https://univ-journal.jp/daigakuin/48752/,産業技術研究科,東京都
東京慈恵会医科大学大学院,https://univ-journal.jp/daigakuin/48985/,医学研究科,東京都
日本赤十字看護大学大学院,https://univ-journal.jp/daigakuin/49041/,看護学研究科,東京都
実践女子大学大学院,https://univ-journal.jp/daigakuin/48772/,"文学研究科, 生活科学研究科, 人間社会研究科",東京都
近畿大学大学院,https://univ-journal.jp/daigakuin/48647/,"実学社会起業イノベーション学位プログラム, 法学研究科, 商学研究科, 経済学研究科, 総合理工学研究科, 薬学研究科, 総合文化研究科, 農学研究科, 医学研究科, 生物理工学研究科, システム工学研究科, 産業理工学研究科, 連合教職実践研究科","大阪府,和歌山県,奈良県,広島県,福岡県"
城西大学大学院,https://univ-journal.jp/daigakuin/48800/,"経済学研究科, 経営学研究科, 理学研究科, 薬学研究科",埼玉県
産業能率大学大学院,https://univ-journal.jp/daigakuin/48753/,総合マネジメント研究科,東京都
名古屋学芸大学大学院,https://univ-journal.jp/daigakuin/49126/,"栄養科学研究科, メディア造形研究科, 子どもケア研究科, 看護学研究科",愛知県
九州ルーテル学院大学大学院,https://univ-journal.jp/daigakuin/48656/,人文学研究科,熊本県
ハリウッド大学院大学,https://univ-journal.jp/daigakuin/48536/,ビューティビジネス研究科,東京都
中村学園大学大学院,https://univ-journal.jp/daigakuin/48934/,"栄養科学研究科, 教育学研究科, 流通科学研究科",福岡県
熊本保健科学大学大学院,https://univ-journal.jp/daigakuin/48671/,保健科学研究科,熊本県
社会構想大学院大学,https://univ-journal.jp/daigakuin/48774/,"コミュニケーションデザイン研究科, 実務教育研究科, 社会構想研究科 ※2024年4月 新設",東京都
鶴見大学大学院,https://univ-journal.jp/daigakuin/48952/,"歯学研究科, 文学研究科",神奈川県
畿央大学大学院,https://univ-journal.jp/daigakuin/48614/,"健康科学研究科, 教育学研究科",奈良県
公立鳥取環境大学大学院,https://univ-journal.jp/daigakuin/48685/,環境経営研究科,鳥取県
岩手大学大学院,https://univ-journal.jp/daigakuin/48604/,"総合科学研究科, 教育学研究科, 理工学研究科, 獣医学研究科, 岩手大学大学院連合農学研究科",岩手県
高野山大学大学院　通信教育課程,https://univ-journal.jp/daigakuin/73514/,文学研究科,通信
浜松医科大学大学院,https://univ-journal.jp/daigakuin/49062/,"医学系研究科, 大阪大学大学院連合小児発達学研究科",静岡県
摂南大学大学院,https://univ-journal.jp/daigakuin/48870/,"法学研究科, 国際言語文化研究科, 経済経営学研究科, 理工学研究科, 薬学研究科, 看護学研究科, 農学研究科 ※2024年4月 新設",大阪府
日本福祉大学大学院,https://univ-journal.jp/daigakuin/49049/,"スポーツ科学研究科, 社会福祉学研究科, 医療・福祉マネジメント研究科, 看護学研究科, 福祉社会開発研究科",愛知県
奈良大学大学院,https://univ-journal.jp/daigakuin/49029/,"文学研究科, 社会学研究科",奈良県
郡山女子大学大学院,https://univ-journal.jp/daigakuin/48677/,人間生活学研究科,福島県
大正大学大学院,https://univ-journal.jp/daigakuin/48920/,"仏教学研究科, 人間学研究科, 文学研究科",東京都
東北大学大学院,https://univ-journal.jp/daigakuin/49011/,"文学研究科, 教育学研究科, 法学研究科, 経済学研究科, 理学研究科, 医学系研究科, 歯学研究科, 薬学研究科, 工学研究科, 農学研究科, 国際文化研究科, 情報科学研究科, 生命科学研究科, 環境科学研究科, 医工学研究科",宮城県
佐久大学大学院,https://univ-journal.jp/daigakuin/57894/,看護学研究科,長野県
亀田医療大学大学院,https://univ-journal.jp/daigakuin/48615/,看護学研究科,千葉県
札幌国際大学大学院,https://univ-journal.jp/daigakuin/48735/,"観光学研究科, 心理学研究科, スポーツ健康指導研究科",北海道
福岡看護大学大学院,https://univ-journal.jp/daigakuin/49076/,看護学研究科,福岡県
鈴鹿医療科学大学大学院,https://univ-journal.jp/daigakuin/49156/,"医療科学研究科, 薬学研究科",三重県
常葉大学大学院,https://univ-journal.jp/daigakuin/48802/,"国際言語文化研究科, 環境防災研究科, 学校教育研究科 ※2024年4月 初等教育高度実践研究科より名称変更予定, 健康科学研究科",静岡県
岡山理科大学大学院,https://univ-journal.jp/daigakuin/48577/,"理工学研究科, マネジメント研究科, 獣医学研究科 ※2024年4月 新設","岡山県,愛媛県"
東京農業大学大学院,https://univ-journal.jp/daigakuin/48996/,"農学研究科, 応用生物科学研究科, 生命科学研究科, 地域環境科学研究科, 国際食料農業科学研究科, 生物産業学研究科","北海道,東京都,神奈川県"
日本歯科大学大学院,https://univ-journal.jp/daigakuin/49036/,"生命歯学研究科, 新潟生命歯学研究科","東京都,新潟県"
熊本大学大学院,https://univ-journal.jp/daigakuin/48670/,"教育学研究科, 社会文化科学教育部, 医学教育部, 保健学教育部, 薬学教育部, 自然科学教育部",熊本県
北陸先端科学技術大学院大学,https://univ-journal.jp/daigakuin/49120/,先端科学技術研究科,石川県
明治大学大学院,https://univ-journal.jp/daigakuin/49141/,"法学研究科, 商学研究科, 政治経済学研究科, 経営学研究科, 文学研究科, 情報コミュニケーション研究科, 理工学研究科, 農学研究科, 教養デザイン研究科, 先端数理科学研究科, 国際日本学研究科, グローバル・ガバナンス研究科, ガバナンス研究科, グローバル・ビジネス研究科, 会計専門職研究科, 法務研究科","東京都,神奈川県"
人間総合科学大学大学院,https://univ-journal.jp/daigakuin/73516/,人間総合科学研究科,通信
熊本学園大学大学院,https://univ-journal.jp/daigakuin/48668/,"商学・経済学研究科 ※2024年4月 新設, 国際文化研究科, 社会福祉学研究科, 会計専門職研究科",熊本県
お茶の水女子大学大学院,https://univ-journal.jp/daigakuin/48531/,人間文化創成科学研究科,東京都
長野大学大学院,https://univ-journal.jp/daigakuin/48947/,総合福祉学研究科,長野県
高知工科大学大学院,https://univ-journal.jp/daigakuin/57891/,工学研究科,高知県
兵庫大学大学院,https://univ-journal.jp/daigakuin/49099/,"現代ビジネス研究科, 看護学研究科",兵庫県
テンプル大学ジャパンキャンパス大学院,https://univ-journal.jp/daigakuin/235835/,"教育学研究科, マネジメント修士, ロースクール, アカデミック・イングリッシュ・プログラム, 生涯教育プログラム, 企業内教育プログラム","東京都,大阪府,海外大学の日本校"
同朋大学大学院,https://univ-journal.jp/daigakuin/49022/,人間学研究科,愛知県
聖カタリナ大学大学院,https://univ-journal.jp/daigakuin/93545/,看護学研究科,愛媛県
皇學館大学大学院,https://univ-journal.jp/daigakuin/48701/,"文学研究科, 教育学研究科",三重県
愛知学院大学大学院,https://univ-journal.jp/daigakuin/48546/,"文学研究科, 心身科学研究科, 商学研究科, 経営学研究科, 経済学研究科, 法学研究科, 総合政策研究科, 薬学研究科, 歯学研究科",愛知県
花園大学大学院,https://univ-journal.jp/daigakuin/48586/,"文学研究科, 社会福祉学研究科",京都府
大阪大谷大学大学院,https://univ-journal.jp/daigakuin/48914/,"文学研究科, 薬学研究科",大阪府
千里金蘭大学大学院,https://univ-journal.jp/daigakuin/93544/,看護学研究科,大阪府
関西医療大学大学院,https://univ-journal.jp/daigakuin/48593/,保健医療学研究科,大阪府
奈良教育大学大学院,https://univ-journal.jp/daigakuin/49025/,教育学研究科,奈良県
愛媛県立医療技術大学大学院,https://univ-journal.jp/daigakuin/48556/,保健医療学研究科,愛媛県
京都光華女子大学大学院,https://univ-journal.jp/daigakuin/48629/,"心理学研究科, 看護学研究科",京都府
金城学院大学大学院,https://univ-journal.jp/daigakuin/48648/,"文学研究科, 人間生活学研究科, 薬学研究科",愛知県
大原大学院大学,https://univ-journal.jp/daigakuin/48893/,会計研究科,東京都
亜細亜大学大学院,https://univ-journal.jp/daigakuin/48543/,"アジア・国際経営戦略研究科, 経済学研究科, 法学研究科",東京都
神戸松蔭女子学院大学大学院,https://univ-journal.jp/daigakuin/48823/,文学研究科,兵庫県
川崎医療福祉大学大学院,https://univ-journal.jp/daigakuin/48879/,"医療福祉学研究科, 医療技術学研究科, 医療福祉マネジメント学研究科",岡山県
大阪電気通信大学大学院,https://univ-journal.jp/daigakuin/48915/,"工学研究科, 医療福祉工学研究科, 総合情報学研究科",大阪府
名古屋工業大学大学院,https://univ-journal.jp/daigakuin/49129/,工学研究科,愛知県
秋田県立大学大学院,https://univ-journal.jp/daigakuin/48776/,"システム科学技術研究科, 生物資源科学研究科",秋田県
広島市立大学大学院,https://univ-journal.jp/daigakuin/48690/,"国際学研究科, 情報科学研究科, 芸術学研究科, 平和学研究科",広島県
沖縄大学大学院,https://univ-journal.jp/daigakuin/48583/,現代沖縄研究科,沖縄県
高知県立大学大学院,https://univ-journal.jp/daigakuin/48709/,"看護学研究科, 人間生活学研究科",高知県
桐朋学園大学院大学,https://univ-journal.jp/daigakuin/48646/,音楽研究科,富山県
横浜国立大学大学院,https://univ-journal.jp/daigakuin/48571/,"教育学研究科, 国際社会科学府, 理工学府, 環境情報学府, 都市イノベーション学府, 先進実践学環, 東京学芸大学大学院連合学校教育学研究科",神奈川県
京都大学大学院,https://univ-journal.jp/daigakuin/48637/,"文学研究科, 教育学研究科, 法学研究科, 経済学研究科, 理学研究科, 医学研究科, 薬学研究科, 工学研究科, 農学研究科, 人間・環境学研究科, エネルギー科学研究科, アジア・アフリカ地域研究研究科, 情報学研究科, 生命科学研究科, 総合生存学館（思修館）, 地球環境学舎, 公共政策教育部, 経営管理教育部",京都府
長崎純心大学大学院,https://univ-journal.jp/daigakuin/48942/,人間文化研究科,長崎県
麗澤大学大学院,https://univ-journal.jp/daigakuin/49158/,"言語教育研究科, 経済研究科, 学校教育研究科",千葉県
麻布大学大学院,https://univ-journal.jp/daigakuin/49122/,"獣医学研究科, 環境保健学研究科",神奈川県
宮城教育大学大学院,https://univ-journal.jp/daigakuin/48622/,教育学研究科,宮城県
東亜大学通信制大学院,https://univ-journal.jp/daigakuin/73522/,総合学術研究科,通信
四国大学大学院,https://univ-journal.jp/daigakuin/48755/,"文学研究科, 経営情報学研究科, 人間生活科学研究科, 看護学研究科",徳島県
多摩大学大学院,https://univ-journal.jp/daigakuin/48889/,経営情報学研究科,東京都
京都看護大学大学院,https://univ-journal.jp/daigakuin/232742/,看護学研究科,京都府
弘前大学大学院,https://univ-journal.jp/daigakuin/48697/,"人文社会科学研究科, 教育学研究科, 医学研究科, 保健学研究科, 理工学研究科, 農学生命科学研究科, 地域共創科学研究科, 地域社会研究科, 岩手大学大学院連合農学研究科",青森県
放送大学大学院,https://univ-journal.jp/daigakuin/73529/,文化科学研究科,通信
聖マリアンナ医科大学大学院,https://univ-journal.jp/daigakuin/48847/,医学研究科,神奈川県
高崎経済大学大学院,https://univ-journal.jp/daigakuin/48704/,"地域政策研究科, 経済・経営研究科",群馬県
自治医科大学大学院,https://univ-journal.jp/daigakuin/48766/,"医学研究科, 看護学研究科",栃木県
石川県立看護大学大学院,https://univ-journal.jp/daigakuin/48867/,看護学研究科,石川県
鹿屋体育大学大学院,https://univ-journal.jp/daigakuin/48767/,体育学研究科,鹿児島県
岐阜薬科大学大学院,https://univ-journal.jp/daigakuin/48613/,"薬学研究科, 岐阜大学大学院連合創薬医療情報研究科",岐阜県
広島国際大学大学院,https://univ-journal.jp/daigakuin/48689/,"医療科学研究科 ※2024年4月 新設, 健康科学研究科 ※2024年4月 新設, 看護学研究科, 薬学研究科",広島県
山陽学園大学大学院,https://univ-journal.jp/daigakuin/48745/,看護学研究科,岡山県
鳴門教育大学大学院,https://univ-journal.jp/daigakuin/49144/,"学校教育研究科, 兵庫教育大学大学院連合学校教育学研究科",徳島県
九州医療科学大学大学院（通信制）　※2024年4月 九州保健福祉大学大学院より名称変更予定,https://univ-journal.jp/daigakuin/73513/,"社会福祉学研究科, 保健科学研究科",通信
東海学院大学大学院,https://univ-journal.jp/daigakuin/48966/,人間関係学研究科,岐阜県
尾道市立大学大学院,https://univ-journal.jp/daigakuin/49059/,"経済情報研究科, 日本文学研究科, 美術研究科",広島県
大阪歯科大学大学院,https://univ-journal.jp/daigakuin/48906/,"歯学研究科, 医療保健学研究科",大阪府
東海大学大学院,https://univ-journal.jp/daigakuin/48968/,"総合理工学研究科, 生物科学研究科, 文学研究科, 政治学研究科, 経済学研究科, 法学研究科, 人間環境学研究科, 芸術学研究科, 体育学研究科, 理学研究科, 工学研究科, 情報通信学研究科, 海洋学研究科, 医学研究科, 健康学研究科, 農学研究科, 生物学研究科","北海道,東京都,神奈川県,静岡県,熊本県"
名古屋芸術大学大学院,https://univ-journal.jp/daigakuin/49128/,"音楽研究科, 美術研究科, デザイン研究科, 人間発達学研究科",愛知県
金沢大学大学院,https://univ-journal.jp/daigakuin/48654/,"人間社会環境研究科, 自然科学研究科, 医薬保健学総合研究科, 先進予防医学研究科, 大阪大学大学院連合小児発達学研究科, 新学術創成研究科, 法学研究科, 教職実践研究科",石川県
星薬科大学大学院,https://univ-journal.jp/daigakuin/48843/,薬学研究科,東京都
東洋英和女学院大学大学院,https://univ-journal.jp/daigakuin/49014/,"人間科学研究科, 国際協力研究科",東京都
新潟県立看護大学大学院,https://univ-journal.jp/daigakuin/48808/,看護学研究科,新潟県
名古屋造形大学大学院,https://univ-journal.jp/daigakuin/49134/,造形研究科,愛知県
横浜市立大学大学院,https://univ-journal.jp/daigakuin/48572/,"都市社会文化研究科, 国際マネジメント研究科, 生命ナノシステム科学研究科, データサイエンス研究科, 生命医科学研究科, 医学研究科",神奈川県
神戸学院大学大学院,https://univ-journal.jp/daigakuin/48817/,"法学研究科, 経済学研究科, 人間文化学研究科, 心理学研究科, 総合リハビリテーション学研究科, 栄養学研究科, 食品薬品総合科学研究科, 薬学研究科",兵庫県
東京歯科大学大学院,https://univ-journal.jp/daigakuin/48984/,歯学研究科,東京都
岐阜医療科学大学大学院,https://univ-journal.jp/daigakuin/48606/,保健医療学研究科,岐阜県
国際基督教大学大学院,https://univ-journal.jp/daigakuin/48714/,アーツ・サイエンス研究科,東京都
東邦音楽大学大学院,https://univ-journal.jp/daigakuin/49004/,音楽研究科,東京都
大阪工業大学大学院,https://univ-journal.jp/daigakuin/48902/,"工学研究科, ロボティクス＆デザイン工学研究科, 情報科学研究科, 知的財産研究科",大阪府
宮崎県立看護大学大学院,https://univ-journal.jp/daigakuin/48619/,看護学研究科,宮崎県
國學院大学大学院,https://univ-journal.jp/daigakuin/49164/,"文学研究科, 法学研究科, 経済学研究科",東京都
大阪女学院大学大学院,https://univ-journal.jp/daigakuin/48907/,21世紀国際共生研究科,大阪府
松本歯科大学大学院,https://univ-journal.jp/daigakuin/48793/,歯学独立研究科,長野県
就実大学大学院,https://univ-journal.jp/daigakuin/48775/,"人文科学研究科, 教育学研究科, 医療薬学研究科",岡山県
大阪芸術大学大学院,https://univ-journal.jp/daigakuin/48901/,芸術研究科,大阪府
星槎大学大学院,https://univ-journal.jp/daigakuin/48844/,教育実践研究科,神奈川県
青森県立保健大学大学院,https://univ-journal.jp/daigakuin/48859/,健康科学研究科,青森県
京都芸術大学大学院,https://univ-journal.jp/daigakuin/48628/,芸術研究科,京都府
甲南女子大学大学院,https://univ-journal.jp/daigakuin/48699/,"人文科学総合研究科, 看護学研究科",兵庫県
名桜大学大学院,https://univ-journal.jp/daigakuin/49136/,"国際文化研究科, 看護学研究科, スポーツ健康科学研究科 ※2024年4月 新設",沖縄県
ノートルダム清心女子大学大学院,https://univ-journal.jp/daigakuin/48535/,"文学研究科, 人間生活学研究科",岡山県
事業創造大学院大学,https://univ-journal.jp/daigakuin/48761/,事業創造研究科,新潟県
熊本県立大学大学院,https://univ-journal.jp/daigakuin/48669/,"文学研究科, アドミニストレーション研究科, 環境共生学研究科",熊本県
京都工芸繊維大学大学院,https://univ-journal.jp/daigakuin/48630/,工芸科学研究科,京都府
早稲田大学大学院,https://univ-journal.jp/daigakuin/48885/,"政治学研究科, 経済学研究科, 法学研究科, 文学研究科, 商学研究科, 基幹理工学研究科, 創造理工学研究科, 先進理工学研究科, 教育学研究科, 人間科学研究科, 社会科学研究科, スポーツ科学研究科, 国際コミュニケーション研究科, アジア太平洋研究科, 日本語教育研究科, 情報生産システム研究科, 法務研究科, 会計研究科, 環境・エネルギー研究科, 経営管理研究科","埼玉県,東京都,福岡県"
松蔭大学大学院,https://univ-journal.jp/daigakuin/48791/,"経営管理研究科, 看護学研究科",神奈川県
九州大学大学院,https://univ-journal.jp/daigakuin/48664/,"人文科学府, 地球社会統合科学府, 人間環境学府, 法学府, 法務学府, 経済学府, 理学府, 数理学府, システム生命科学府, 医学系学府, 歯学府, 薬学府, 工学府, 芸術工学府, システム情報科学府, 総合理工学府, 生物資源環境科学府, 統合新領域学府, マス・フォア・イノベーション連係学府",福岡県
関西大学大学院,https://univ-journal.jp/daigakuin/48598/,"法学研究科, 文学研究科, 経済学研究科, 商学研究科, 社会学研究科, 総合情報学研究科, 理工学研究科, 外国語教育学研究科, 心理学研究科, 社会安全研究科, 東アジア文化研究科, ガバナンス研究科, 人間健康研究科, 法務研究科, 会計研究科, 連合教職実践研究科",大阪府
学習院大学大学院,https://univ-journal.jp/daigakuin/48589/,"法学研究科, 政治学研究科, 経済学研究科, 経営学研究科, 人文科学研究科, 自然科学研究科, 法務研究科",東京都
千葉経済大学大学院,https://univ-journal.jp/daigakuin/48873/,経済学研究科,千葉県
京都先端科学大学大学院,https://univ-journal.jp/daigakuin/48636/,"経済学研究科, 経営学研究科, 人間文化研究科, バイオ環境研究科, 工学研究科",京都府
国際医療福祉大学大学院,https://univ-journal.jp/daigakuin/48713/,"医療福祉学研究科, 薬学研究科, 薬科学研究科, 医学研究科","栃木県,千葉県,東京都,神奈川県,福岡県"
長崎県立大学大学院,https://univ-journal.jp/daigakuin/48940/,地域創生研究科,長崎県
東京家政学院大学大学院,https://univ-journal.jp/daigakuin/48973/,人間生活学研究科,東京都
成蹊大学大学院,https://univ-journal.jp/daigakuin/48840/,"経済経営研究科, 法学政治学研究科, 文学研究科, 理工学研究科",東京都
京都橘大学大学院,https://univ-journal.jp/daigakuin/48626/,"文学研究科, 現代ビジネス研究科, 看護学研究科, 健康科学研究科, 京都教育大学大学院連合教職実践研究科, 情報学研究科 ※2024年4月 新設",京都府
人間環境大学大学院,https://univ-journal.jp/daigakuin/48833/,"人間環境学研究科, 看護学研究科, 松山看護学研究科","愛知県,愛媛県"
室蘭工業大学大学院,https://univ-journal.jp/daigakuin/48771/,工学研究科,北海道
小樽商科大学大学院,https://univ-journal.jp/daigakuin/48784/,商学研究科,北海道
帝塚山学院大学大学院,https://univ-journal.jp/daigakuin/48956/,人間科学研究科,大阪府
奥羽大学大学院,https://univ-journal.jp/daigakuin/48570/,歯学研究科,福島県
東洋大学大学院,https://univ-journal.jp/daigakuin/49016/,"文学研究科, 社会学研究科, 法学研究科, 経営学研究科, 経済学研究科, 国際学研究科, 国際観光学研究科, 社会福祉学研究科, 理工学研究科, 学際・融合科学研究科, 総合情報学研究科, 生命科学研究科, 食環境科学研究科, 情報連携学研究科, ライフデザイン学研究科, 健康スポーツ科学研究科","埼玉県,東京都"
京都精華大学大学院,https://univ-journal.jp/daigakuin/48635/,"芸術研究科, デザイン研究科, マンガ研究科, 人文学研究科",京都府
山口学芸大学大学院,https://univ-journal.jp/daigakuin/48742/,教育学研究科,山口県
相模女子大学大学院,https://univ-journal.jp/daigakuin/48886/,"栄養科学研究科, 社会起業研究科",神奈川県
福岡歯科大学大学院,https://univ-journal.jp/daigakuin/49080/,歯学研究科,福岡県
東京大学大学院,https://univ-journal.jp/daigakuin/48992/,"人文社会系研究科, 教育学研究科, 法学政治学研究科, 経済学研究科, 総合文化研究科, 理学系研究科, 工学系研究科, 農学生命科学研究科, 医学系研究科, 薬学系研究科, 数理科学研究科, 新領域創成科学研究科, 情報理工学系研究科, 情報学環・学際情報学府, 公共政策学教育部","千葉県,東京都"
事業構想大学院大学,https://univ-journal.jp/daigakuin/48760/,事業構想研究科,"宮城県,東京都,愛知県,大阪府,福岡県"
名古屋外国語大学大学院,https://univ-journal.jp/daigakuin/49124/,国際コミュニケーション研究科,愛知県
帯広畜産大学大学院,https://univ-journal.jp/daigakuin/48891/,畜産学研究科,北海道
東京医科大学大学院,https://univ-journal.jp/daigakuin/48970/,医学研究科,東京都
東邦大学大学院,https://univ-journal.jp/daigakuin/49005/,"医学研究科, 薬学研究科, 理学研究科, 看護学研究科","千葉県,東京都"
群馬県立県民健康科学大学大学院,https://univ-journal.jp/daigakuin/48674/,"看護学研究科, 診療放射線学研究科",群馬県
旭川市立大学大学院,https://univ-journal.jp/daigakuin/48559/,地域政策研究科,北海道
大阪学院大学大学院,https://univ-journal.jp/daigakuin/48897/,"商学研究科, 経済学研究科, 国際学研究科, 法学研究科, コンピュータサイエンス研究科",大阪府
甲子園大学大学院,https://univ-journal.jp/daigakuin/48698/,"栄養学研究科, 心理学研究科",兵庫県
十文字学園女子大学大学院,https://univ-journal.jp/daigakuin/48778/,人間生活学研究科,埼玉県
湘南鎌倉医療大学大学院,https://univ-journal.jp/daigakuin/93541/,看護学研究科,神奈川県
京都芸術大学大学院　通信制大学院,https://univ-journal.jp/daigakuin/73511/,芸術研究科,通信
帝京平成大学大学院,https://univ-journal.jp/daigakuin/48955/,"環境情報学研究科, 健康科学研究科, 臨床心理学研究科, 薬学研究科, 看護学研究科",東京都
神戸女子大学大学院,https://univ-journal.jp/daigakuin/48822/,"家政学研究科, 文学研究科, 健康栄養学研究科, 看護学研究科",兵庫県
福岡大学大学院,https://univ-journal.jp/daigakuin/49083/,"人文科学研究科, 法学研究科, 経済学研究科, 商学研究科, 理学研究科, 工学研究科, 医学研究科, 薬学研究科, スポーツ健康科学研究科, 法曹実務研究科",福岡県
大阪教育大学大学院,https://univ-journal.jp/daigakuin/48898/,"教育学研究科, 連合教職実践研究科",大阪府
愛知みずほ大学大学院,https://univ-journal.jp/daigakuin/48544/,人間科学研究科,愛知県
多摩美術大学大学院,https://univ-journal.jp/daigakuin/48890/,美術研究科,東京都
和光大学大学院,https://univ-journal.jp/daigakuin/49161/,社会文化総合研究科,東京都
淑徳大学大学院,https://univ-journal.jp/daigakuin/48779/,"総合福祉研究科, 看護学研究科",千葉県
東北公益文科大学大学院,https://univ-journal.jp/daigakuin/49009/,公益学研究科,山形県
文京学院大学大学院,https://univ-journal.jp/daigakuin/49092/,"外国語学研究科, 経営学研究科, 人間学研究科, 保健医療科学研究科, 看護学研究科, 福祉医療マネジメント研究科 ※2024年4月 新設","埼玉県,東京都"
洗足学園音楽大学大学院,https://univ-journal.jp/daigakuin/48881/,音楽研究科,神奈川県
共立女子大学大学院,https://univ-journal.jp/daigakuin/48643/,"家政学研究科, 文芸学研究科, 国際学研究科, 看護学研究科",東京都
東北文化学園大学大学院,https://univ-journal.jp/daigakuin/49013/,健康社会システム研究科,宮城県
前橋工科大学大学院,https://univ-journal.jp/daigakuin/48882/,工学研究科,群馬県
島根県立大学大学院,https://univ-journal.jp/daigakuin/48963/,"北東アジア開発研究科, 看護学研究科",島根県
和歌山大学大学院,https://univ-journal.jp/daigakuin/49160/,"教育学研究科, 経済学研究科, システム工学研究科, 観光学研究科",和歌山県
関西医科大学大学院,https://univ-journal.jp/daigakuin/48592/,"医学研究科, 看護学研究科",大阪府
群馬パース大学大学院,https://univ-journal.jp/daigakuin/48672/,保健科学研究科,群馬県
グロービス経営大学院大学,https://univ-journal.jp/daigakuin/48533/,経営研究科,"宮城県,東京都,愛知県,大阪府,福岡県"
東京福祉大学大学院通信教育課程,https://univ-journal.jp/daigakuin/73523/,"心理学研究科, 社会福祉学研究科",通信
藤田医科大学大学院,https://univ-journal.jp/daigakuin/49019/,"医学研究科, 保健学研究科, 医療科学研究科 ※2024年4月 新設",愛知県
作新学院大学大学院,https://univ-journal.jp/daigakuin/48730/,"経営学研究科, 心理学研究科",栃木県
志學館大学大学院,https://univ-journal.jp/daigakuin/48758/,心理臨床学研究科,鹿児島県
東京農工大学大学院,https://univ-journal.jp/daigakuin/48997/,"工学府, 農学府, 生物システム応用科学府, 東京農工大学大学院連合農学研究科",東京都
岡山商科大学大学院,https://univ-journal.jp/daigakuin/48575/,"商学研究科, 法学研究科, 経済学研究科",岡山県
東洋学園大学大学院,https://univ-journal.jp/daigakuin/49015/,現代経営研究科,東京都
大阪医科薬科大学大学院,https://univ-journal.jp/daigakuin/48895/,"医学研究科, 薬学研究科, 看護学研究科",大阪府
玉川大学大学院,https://univ-journal.jp/daigakuin/48644/,"文学研究科, 農学研究科, 工学研究科, マネジメント研究科, 教育学研究科, 脳科学研究科",東京都
長崎国際大学大学院,https://univ-journal.jp/daigakuin/48941/,"人間社会学研究科, 健康管理学研究科, 薬学研究科",長崎県
日本福祉大学大学院（通信教育）,https://univ-journal.jp/daigakuin/73527/,"社会福祉学研究科, 国際社会開発研究科, 福祉社会開発研究科",通信
学習院女子大学大学院,https://univ-journal.jp/daigakuin/48588/,国際文化交流研究科,東京都
奈良学園大学大学院,https://univ-journal.jp/daigakuin/156404/,"看護学研究科, リハビリテーション学研究科",奈良県
九州女子大学大学院　※2024年4月 大学院新設予定,https://univ-journal.jp/daigakuin/232740/,人間科学研究科,福岡県
松山大学大学院,https://univ-journal.jp/daigakuin/48792/,"経済学研究科, 経営学研究科, 言語コミュニケーション研究科, 社会学研究科, 法学研究科, 医療薬学研究科",愛媛県
沖縄科学技術大学院大学,https://univ-journal.jp/daigakuin/48579/,科学技術研究科,沖縄県
国際武道大学大学院,https://univ-journal.jp/daigakuin/48717/,武道・スポーツ研究科,千葉県
香川県立保健医療大学大学院,https://univ-journal.jp/daigakuin/48702/,保健医療学研究科,香川県
名古屋学院大学　通信制大学院,https://univ-journal.jp/daigakuin/73530/,外国語学研究科,通信
星城大学大学院,https://univ-journal.jp/daigakuin/48842/,健康支援学研究科,愛知県
山陽小野田市立山口東京理科大学大学院,https://univ-journal.jp/daigakuin/48746/,"工学研究科, 薬学研究科 ※2024年4月 新設",山口県
国際大学,https://univ-journal.jp/daigakuin/48716/,"国際関係学研究科, 国際経営学研究科",新潟県
静岡文化芸術大学大学院,https://univ-journal.jp/daigakuin/48864/,"文化政策研究科, デザイン研究科",静岡県
東北福祉大学通信制大学院,https://univ-journal.jp/daigakuin/73524/,総合福祉学研究科,通信
大分県立看護科学大学大学院,https://univ-journal.jp/daigakuin/48924/,看護学研究科,大分県
大阪大学大学院,https://univ-journal.jp/daigakuin/240071/,"人文学研究科, 人間科学研究科, 法学研究科, 経済学研究科, 理学研究科, 医学系研究科, 歯学研究科, 薬学研究科, 工学研究科, 基礎工学研究科, 国際公共政策研究科, 情報科学研究科, 生命機能研究科, 高等司法研究科, 大阪大学大学院連合小児発達学研究科",大阪府
西日本工業大学大学院,https://univ-journal.jp/daigakuin/48857/,工学研究科,福岡県
山梨学院大学大学院,https://univ-journal.jp/daigakuin/48748/,社会科学研究科,山梨県
日本女子大学大学院,https://univ-journal.jp/daigakuin/49040/,"家政学研究科, 人間生活学研究科, 文学研究科, 人間社会研究科, 理学研究科, 建築デザイン研究科 ※2024年4月 新設",東京都
宮城大学大学院,https://univ-journal.jp/daigakuin/48623/,"看護学研究科, 事業構想学研究科, 食産業学研究科",宮城県
松本大学大学院,https://univ-journal.jp/daigakuin/48794/,"健康科学研究科, 総合経営研究科",長野県
愛知医科大学大学院,https://univ-journal.jp/daigakuin/48545/,"医学研究科, 看護学研究科",愛知県
神戸大学大学院,https://univ-journal.jp/daigakuin/48826/,"人文学研究科, 国際文化学研究科, 人間発達環境学研究科, 法学研究科, 経済学研究科, 経営学研究科, 理学研究科, 医学研究科, 保健学研究科, 工学研究科, システム情報学研究科, 農学研究科, 海事科学研究科, 国際協力研究科, 科学技術イノベーション研究科",兵庫県
湘南工科大学大学院,https://univ-journal.jp/daigakuin/48795/,工学研究科,神奈川県
高崎健康福祉大学大学院,https://univ-journal.jp/daigakuin/48705/,"健康福祉学研究科, 保健医療学研究科, 薬学研究科, 農学研究科",群馬県
梅光学院大学大学院,https://univ-journal.jp/daigakuin/49053/,文学研究科,山口県
帝京科学大学大学院,https://univ-journal.jp/daigakuin/48953/,"理工学研究科, 医療科学研究科","東京都,山梨県"
日本薬科大学大学院,https://univ-journal.jp/daigakuin/49051/,薬学研究科,埼玉県
第一薬科大学大学院,https://univ-journal.jp/daigakuin/48926/,薬学研究科,福岡県
流通科学大学大学院,https://univ-journal.jp/daigakuin/49152/,流通科学研究科,兵庫県
仙台大学大学院,https://univ-journal.jp/daigakuin/48871/,スポーツ科学研究科,宮城県
京都産業大学大学院　通信教育課程,https://univ-journal.jp/daigakuin/73512/,"経済学研究科, 京都文化学研究科",通信
佐賀大学大学院,https://univ-journal.jp/daigakuin/48721/,"学校教育学研究科, 地域デザイン研究科, 先進健康科学研究科, 医学系研究科, 理工学研究科, 農学研究科, 鹿児島大学大学院連合農学研究科",佐賀県
名古屋産業大学大学院,https://univ-journal.jp/daigakuin/49130/,環境マネジメント研究科,愛知県
神戸芸術工科大学大学院,https://univ-journal.jp/daigakuin/48818/,芸術工学研究科,兵庫県
昭和薬科大学大学院,https://univ-journal.jp/daigakuin/48790/,薬学研究科,東京都
エリザベト音楽大学大学院,https://univ-journal.jp/daigakuin/48530/,音楽研究科,広島県
岐阜協立大学大学院,https://univ-journal.jp/daigakuin/48607/,経営学研究科,岐阜県
美作大学大学院,https://univ-journal.jp/daigakuin/49060/,"生活科学研究科, 人間発達学研究科",岡山県
日本医療大学大学院　※2024年4月 大学院新設予定,https://univ-journal.jp/daigakuin/232737/,保健医療学研究科,北海道
大阪総合保育大学大学院,https://univ-journal.jp/daigakuin/48911/,児童保育研究科,大阪府
奈良女子大学大学院,https://univ-journal.jp/daigakuin/57900/,人間文化総合科学研究科,奈良県
青森中央学院大学大学院,https://univ-journal.jp/daigakuin/48861/,地域マネジメント研究科,青森県
長岡造形大学大学院,https://univ-journal.jp/daigakuin/48939/,造形研究科,新潟県
成城大学大学院,https://univ-journal.jp/daigakuin/48839/,"経済学研究科, 文学研究科, 法学研究科, 社会イノベーション研究科",東京都
岩手医科大学大学院,https://univ-journal.jp/daigakuin/48602/,"医学研究科, 歯学研究科, 薬学研究科",岩手県
東京成徳大学大学院,https://univ-journal.jp/daigakuin/48990/,心理学研究科,東京都
茨城キリスト教大学大学院,https://univ-journal.jp/daigakuin/48565/,"文学研究科, 生活科学研究科, 看護学研究科",茨城県
岐阜聖徳学園大学大学院,https://univ-journal.jp/daigakuin/48610/,"国際文化研究科, 経済情報研究科",岐阜県
東京情報大学大学院,https://univ-journal.jp/daigakuin/48988/,総合情報学研究科,千葉県
福岡女子大学大学院,https://univ-journal.jp/daigakuin/49082/,"人文社会科学研究科, 人間環境科学研究科",福岡県
東京国際大学大学院,https://univ-journal.jp/daigakuin/48983/,"商学研究科, 経済学研究科, 国際関係学研究科, 臨床心理学研究科","埼玉県,東京都"
関東学院大学大学院,https://univ-journal.jp/daigakuin/48601/,"文学研究科, 経済学研究科, 法学研究科, 工学研究科, 看護学研究科",神奈川県
福岡女学院看護大学大学院,https://univ-journal.jp/daigakuin/156408/,看護学研究科,福岡県
福井医療大学大学院,https://univ-journal.jp/daigakuin/49072/,保健医療学研究科,福井県
公立諏訪東京理科大学大学院,https://univ-journal.jp/daigakuin/48683/,工学・マネジメント研究科,長野県
仁愛大学大学院,https://univ-journal.jp/daigakuin/48835/,人間学研究科,福井県
新潟産業大学大学院,https://univ-journal.jp/daigakuin/48811/,経済学研究科,新潟県
明治薬科大学大学院,https://univ-journal.jp/daigakuin/49142/,薬学研究科,東京都
南九州大学大学院,https://univ-journal.jp/daigakuin/49030/,園芸学・食品科学研究科,宮崎県
高千穂大学大学院,https://univ-journal.jp/daigakuin/48708/,経営学研究科,東京都
広島修道大学大学院,https://univ-journal.jp/daigakuin/48691/,"商学研究科, 人文科学研究科, 法学研究科, 経済科学研究科",広島県
四国学院大学大学院,https://univ-journal.jp/daigakuin/48754/,"文学研究科, 社会福祉学研究科, 社会学研究科",香川県
山梨英和大学大学院,https://univ-journal.jp/daigakuin/48747/,人間文化研究科,山梨県
都留文科大学大学院,https://univ-journal.jp/daigakuin/48962/,文学研究科,山梨県
富山大学大学院,https://univ-journal.jp/daigakuin/49064/,"人文社会芸術総合研究科, 総合医薬学研究科, 理工学研究科, 持続可能社会創成学環, 医薬理工学環, 生命融合科学教育部, 医学薬学教育部, 理工学教育部, 教職実践開発研究科",富山県
立命館大学大学院,https://univ-journal.jp/daigakuin/49151/,"法学研究科, 社会学研究科, 国際関係研究科, 文学研究科, 映像研究科, 経済学研究科, スポーツ健康科学研究科, 食マネジメント研究科, 理工学研究科, 情報理工学研究科, 生命科学研究科, 薬学研究科, 経営学研究科, 政策科学研究科, 人間科学研究科, 先端総合学術研究科, 言語教育情報研究科, テクノロジー・マネジメント研究科, 法務研究科, 経営管理研究科, 教職研究科","滋賀県,京都府,大阪府"
高野山大学大学院,https://univ-journal.jp/daigakuin/48712/,文学研究科,和歌山県
金沢工業大学大学院,https://univ-journal.jp/daigakuin/48652/,"工学研究科, 心理科学研究科, イノベーションマネジメント研究科","東京都,石川県"
滋賀大学大学院,https://univ-journal.jp/daigakuin/48764/,"教育学研究科, 経済学研究科, データサイエンス研究科, 兵庫教育大学大学院連合学校教育学研究科",滋賀県
日本大学大学院　総合社会情報研究科（通信制大学院）,https://univ-journal.jp/daigakuin/73526/,総合社会情報研究科,通信
北翔大学大学院,https://univ-journal.jp/daigakuin/49121/,"人間福祉学研究科, 生涯学習学研究科, 生涯スポーツ学研究科",北海道
千葉大学大学院,https://univ-journal.jp/daigakuin/48876/,"人文公共学府, 専門法務研究科, 教育学研究科, 融合理工学府, 情報・データサイエンス学府 ※2024年4月 新設, 園芸学研究科, 医学薬学府, 看護学研究科, 総合国際学位プログラム, 東京学芸大学大学院連合学校教育学研究科, 大阪大学大学院連合小児発達学研究科",千葉県
愛知県立大学大学院,https://univ-journal.jp/daigakuin/48549/,"国際文化研究科, 人間発達学研究科, 看護学研究科, 情報科学研究科",愛知県
東京工業大学大学院,https://univ-journal.jp/daigakuin/48981/,"理学院, 工学院, 物質理工学院, 情報理工学院, 生命理工学院, 環境・社会理工学院",東京都
清泉女子大学大学院,https://univ-journal.jp/daigakuin/48846/,人文科学研究科,東京都
札幌保健医療大学大学院,https://univ-journal.jp/daigakuin/156406/,保健医療学研究科,北海道
新潟薬科大学大学院,https://univ-journal.jp/daigakuin/48814/,"薬学研究科, 応用生命科学研究科",新潟県
埼玉学園大学大学院,https://univ-journal.jp/daigakuin/48726/,"経営学研究科, 心理学研究科, 子ども教育学研究科",埼玉県
北九州市立大学大学院,https://univ-journal.jp/daigakuin/49116/,"法学研究科, 社会システム研究科, 国際環境工学研究科, マネジメント研究科",福岡県
明治国際医療大学大学院　鍼灸学研究科（通信制）,https://univ-journal.jp/daigakuin/73531/,鍼灸学研究科,通信
三重大学大学院,https://univ-journal.jp/daigakuin/48739/,"人文社会科学研究科, 教育学研究科, 医学系研究科, 工学研究科, 生物資源学研究科, 地域イノベーション学研究科",三重県
日本経済大学大学院,https://univ-journal.jp/daigakuin/49034/,経営学研究科,東京都
信州大学大学院,https://univ-journal.jp/daigakuin/48805/,"総合人文社会科学研究科, 教育学研究科, 医学系研究科, 総合理工学研究科, 総合医理工学研究科",長野県
武蔵野音楽大学大学院,https://univ-journal.jp/daigakuin/49068/,音楽研究科,東京都
駒沢女子大学大学院,https://univ-journal.jp/daigakuin/48666/,人文科学研究科,東京都
文星芸術大学大学院,https://univ-journal.jp/daigakuin/49094/,芸術研究科,栃木県
活水女子大学大学院,https://univ-journal.jp/daigakuin/48590/,文学研究科,長崎県
沖縄キリスト教学院大学大学院,https://univ-journal.jp/daigakuin/48578/,異文化コミュニケーション学研究科,沖縄県
神戸市外国語大学大学院,https://univ-journal.jp/daigakuin/48819/,外国語学研究科,兵庫県
東京理科大学大学院,https://univ-journal.jp/daigakuin/49002/,"理学研究科, 薬学研究科, 工学研究科, 創域理工学研究科, 先進工学研究科, 経営学研究科, 生命科学研究科","千葉県,東京都"
東京都立大学大学院,https://univ-journal.jp/daigakuin/48995/,"人文科学研究科, 法学政治学研究科, 経営学研究科, 理学研究科, 都市環境科学研究科, システムデザイン研究科, 人間健康科学研究科",東京都
川崎医科大学大学院,https://univ-journal.jp/daigakuin/48878/,医学研究科,岡山県
東京経済大学大学院,https://univ-journal.jp/daigakuin/48979/,"経済学研究科, 経営学研究科, コミュニケーション学研究科, 現代法学研究科",東京都
札幌医科大学大学院,https://univ-journal.jp/daigakuin/48733/,"医学研究科, 保健医療学研究科",北海道
九州国際大学大学院,https://univ-journal.jp/daigakuin/48660/,法学研究科,福岡県
京都薬科大学大学院,https://univ-journal.jp/daigakuin/48642/,薬学研究科,京都府
九州共立大学大学院,https://univ-journal.jp/daigakuin/93546/,"スポーツ学研究科, 経済・経営学研究科",福岡県
佛教大学大学院,https://univ-journal.jp/daigakuin/49163/,"文学研究科, 教育学研究科, 社会学研究科, 社会福祉学研究科, 京都教育大学大学院連合教職実践研究科",京都府
鹿児島大学大学院,https://univ-journal.jp/daigakuin/48770/,"人文社会科学研究科, 教育学研究科, 保健学研究科, 理工学研究科, 農林水産学研究科, 医歯学総合研究科, 臨床心理学研究科, 共同獣医学研究科, 鹿児島大学大学院連合農学研究科",鹿児島県
金沢医科大学大学院,https://univ-journal.jp/daigakuin/48650/,"医学研究科, 看護学研究科",石川県
一橋大学大学院,https://univ-journal.jp/daigakuin/48564/,"経営管理研究科, 経済学研究科, 法学研究科, 社会学研究科, 言語社会研究科, ソーシャル・データサイエンス研究科, 国際・公共政策教育部",東京都
川村学園女子大学大学院,https://univ-journal.jp/daigakuin/48880/,人文科学研究科,千葉県
愛知工業大学大学院,https://univ-journal.jp/daigakuin/48551/,"工学研究科, 経営情報科学研究科",愛知県
宝塚大学大学院,https://univ-journal.jp/daigakuin/49102/,メディア芸術研究科,東京都
産業医科大学大学院,https://univ-journal.jp/daigakuin/48751/,医学研究科,福岡県
久留米大学大学院,https://univ-journal.jp/daigakuin/48618/,"比較文化研究科, 心理学研究科, ビジネス研究科, 医学研究科",福岡県
東京医療保健大学大学院,https://univ-journal.jp/daigakuin/48971/,"医療保健学研究科, 看護学研究科, 和歌山看護学研究科, 千葉看護学研究科","千葉県,東京都,和歌山県"
ヤマザキ動物看護大学大学院,https://univ-journal.jp/daigakuin/48541/,動物看護学研究科,東京都
東海学園大学大学院,https://univ-journal.jp/daigakuin/48967/,経営学研究科,愛知県
上武大学大学院,https://univ-journal.jp/daigakuin/48798/,経営管理研究科,群馬県
一宮研伸大学大学院,https://univ-journal.jp/daigakuin/156407/,看護学研究科,愛知県
和歌山県立医科大学大学院,https://univ-journal.jp/daigakuin/49159/,"医学薬学総合研究科 ※2024年4月 新設, 保健看護学研究科",和歌山県
久留米工業大学大学院,https://univ-journal.jp/daigakuin/48617/,工学研究科,福岡県
沖縄県立看護大学大学院,https://univ-journal.jp/daigakuin/48580/,保健看護学研究科,沖縄県
甲南大学大学院,https://univ-journal.jp/daigakuin/48700/,"人文科学研究科, 自然科学研究科, 社会科学研究科, フロンティアサイエンス研究科",兵庫県
高崎商科大学大学院,https://univ-journal.jp/daigakuin/48706/,商学研究科,群馬県
尚絅学院大学大学院,https://univ-journal.jp/daigakuin/48786/,総合人間科学研究科,宮城県
専修大学大学院,https://univ-journal.jp/daigakuin/48877/,"経済学研究科, 法学研究科, 文学研究科, 経営学研究科, 商学研究科, 法務研究科","東京都,神奈川県"
島根大学大学院,https://univ-journal.jp/daigakuin/48964/,"人間社会科学研究科, 教育学研究科, 医学系研究科, 自然科学研究科, 鳥取大学大学院連合農学研究科",島根県
横浜薬科大学大学院,https://univ-journal.jp/daigakuin/79188/,薬学研究科,神奈川県
日本赤十字九州国際看護大学大学院,https://univ-journal.jp/daigakuin/49042/,看護学研究科,福岡県
名古屋大学大学院,https://univ-journal.jp/daigakuin/49135/,"人文学研究科, 教育発達科学研究科, 法学研究科, 経済学研究科, 情報学研究科, 理学研究科, 医学系研究科, 工学研究科, 生命農学研究科, 国際開発研究科, 多元数理科学研究科, 環境学研究科, 創薬科学研究科",愛知県
日本医科大学大学院,https://univ-journal.jp/daigakuin/49033/,医学研究科,東京都
福知山公立大学大学院　※2024年4月 大学院新設予定,https://univ-journal.jp/daigakuin/232736/,地域情報学研究科,京都府
中部学院大学大学院,https://univ-journal.jp/daigakuin/48935/,人間福祉学研究科,岐阜県
山形大学大学院,https://univ-journal.jp/daigakuin/48741/,"社会文化創造研究科, 教育実践研究科, 理工学研究科, 有機材料システム研究科, 医学系研究科, 農学研究科, 岩手大学大学院連合農学研究科",山形県
岐阜県立看護大学大学院,https://univ-journal.jp/daigakuin/48608/,看護学研究科,岐阜県
名古屋学院大学大学院,https://univ-journal.jp/daigakuin/49125/,"経済経営研究科, 外国語学研究科",愛知県
福山市立大学大学院,https://univ-journal.jp/daigakuin/49084/,"教育学研究科, 都市経営学研究科",広島県
兵庫教育大学大学院,https://univ-journal.jp/daigakuin/49097/,"学校教育研究科, 兵庫教育大学大学院連合学校教育学研究科",兵庫県
大阪樟蔭女子大学大学院,https://univ-journal.jp/daigakuin/48909/,人間科学研究科,大阪府
静岡県立大学大学院,https://univ-journal.jp/daigakuin/48862/,"薬食生命科学総合学府, 国際関係学研究科, 経営情報イノベーション研究科, 看護学研究科",静岡県
金沢学院大学大学院,https://univ-journal.jp/daigakuin/48651/,"経営情報学研究科, 人文学研究科, スポーツ健康学研究科",石川県
山形県立保健医療大学大学院,https://univ-journal.jp/daigakuin/48740/,保健医療学研究科,山形県
神戸女学院大学大学院,https://univ-journal.jp/daigakuin/48821/,"文学研究科, 音楽研究科, 人間科学研究科",兵庫県
名古屋女子大学大学院,https://univ-journal.jp/daigakuin/49132/,生活学研究科,愛知県
国際教養大学専門職大学院,https://univ-journal.jp/daigakuin/48715/,グローバル・コミュニケーション実践研究科,秋田県
東京富士大学大学院,https://univ-journal.jp/daigakuin/48998/,経営学研究科,東京都
神戸市看護大学大学院,https://univ-journal.jp/daigakuin/48820/,看護学研究科,兵庫県
聖泉大学大学院,https://univ-journal.jp/daigakuin/48851/,看護学研究科,滋賀県
星槎大学大学院,https://univ-journal.jp/daigakuin/73517/,教育学研究科,通信
大阪人間科学大学大学院,https://univ-journal.jp/daigakuin/48910/,人間科学研究科,大阪府
京都ノートルダム女子大学大学院,https://univ-journal.jp/daigakuin/48624/,"人間文化研究科, 心理学研究科",京都府
明星大学通信制大学院,https://univ-journal.jp/daigakuin/73532/,教育学研究科,通信
武蔵野学院大学大学院,https://univ-journal.jp/daigakuin/49069/,国際コミュニケーション研究科,埼玉県
東北学院大学大学院,https://univ-journal.jp/daigakuin/49007/,"文学研究科, 経済学研究科, 経営学研究科, 法学研究科, 工学研究科, 人間情報学研究科",宮城県
南山大学大学院,https://univ-journal.jp/daigakuin/49031/,"人間文化研究科, 国際地域文化研究科, 社会科学研究科, 法学研究科, 理工学研究科, 法務研究科",愛知県
東京学芸大学大学院,https://univ-journal.jp/daigakuin/48977/,"教育学研究科, 東京学芸大学大学院連合学校教育学研究科",東京都
青森公立大学大学院,https://univ-journal.jp/daigakuin/48860/,経営経済学研究科,青森県
福井県立大学大学院,https://univ-journal.jp/daigakuin/49073/,"経済・経営学研究科, 生物資源学研究科, 看護福祉学研究科, 健康生活科学研究科",福井県
中央学院大学大学院,https://univ-journal.jp/daigakuin/48930/,商学研究科,千葉県
大阪体育大学大学院,https://univ-journal.jp/daigakuin/48912/,スポーツ科学研究科,大阪府
九州栄養福祉大学大学院,https://univ-journal.jp/daigakuin/48657/,健康科学研究科,福岡県
大谷大学大学院,https://univ-journal.jp/daigakuin/48921/,人文学研究科,京都府
拓殖大学大学院,https://univ-journal.jp/daigakuin/48927/,"経済学研究科, 商学研究科, 工学研究科, 言語教育研究科, 国際協力学研究科, 地方政治行政研究科",東京都
光産業創成大学院大学,https://univ-journal.jp/daigakuin/48681/,光産業創成研究科,静岡県
大阪保健医療大学大学院,https://univ-journal.jp/daigakuin/48917/,保健医療学研究科,大阪府
京都美術工芸大学大学院,https://univ-journal.jp/daigakuin/57887/,建築学研究科,京都府
公立はこだて未来大学大学院,https://univ-journal.jp/daigakuin/48682/,システム情報科学研究科,北海道
武蔵野大学大学院　通信教育部,https://univ-journal.jp/daigakuin/73528/,"人間社会研究科, 仏教学研究科, 環境学研究科",通信
愛知産業大学大学院,https://univ-journal.jp/daigakuin/48552/,造形学研究科,愛知県
東京基督教大学大学院,https://univ-journal.jp/daigakuin/48978/,神学研究科,千葉県
埼玉工業大学大学院,https://univ-journal.jp/daigakuin/48728/,"工学研究科, 人間社会研究科",埼玉県
九州医療科学大学大学院　※2024年4月 九州保健福祉大学大学院より名称変更予定,https://univ-journal.jp/daigakuin/48665/,医療薬学研究科,宮崎県
香川大学大学院,https://univ-journal.jp/daigakuin/48703/,"教育学研究科, 医学系研究科, 農学研究科, 地域マネジメント研究科, 創発科学研究科, 愛媛大学大学院連合農学研究科",香川県
藤女子大学大学院,https://univ-journal.jp/daigakuin/49018/,人間生活学研究科,北海道
新潟大学大学院,https://univ-journal.jp/daigakuin/48813/,"教育実践学研究科, 現代社会文化研究科, 自然科学研究科, 保健学研究科, 医歯学総合研究科",新潟県
武蔵野美術大学大学院,https://univ-journal.jp/daigakuin/49071/,"造形研究科, 造形構想研究科",東京都
姫路獨協大学大学院,https://univ-journal.jp/daigakuin/49061/,経済情報研究科,兵庫県
群馬医療福祉大学大学院,https://univ-journal.jp/daigakuin/48673/,社会福祉学研究科,群馬県
九州歯科大学大学院,https://univ-journal.jp/daigakuin/48662/,歯学研究科,福岡県
武蔵野大学大学院,https://univ-journal.jp/daigakuin/49070/,"文学研究科, 言語文化研究科, 法学研究科, 政治経済学研究科, 経営学研究科, データサイエンス研究科, 人間社会研究科, 仏教学研究科, 工学研究科, 環境学研究科, 教育学研究科, 薬科学研究科, 看護学研究科",東京都
北海道医療大学大学院,https://univ-journal.jp/daigakuin/49110/,"薬学研究科, 歯学研究科, 看護福祉学研究科, 心理科学研究科, リハビリテーション科学研究科, 医療技術科学研究科",北海道
佛教大学大学院　通信教育課程,https://univ-journal.jp/daigakuin/73533/,"文学研究科, 教育学研究科, 社会学研究科, 社会福祉学研究科",通信
日本赤十字北海道看護大学大学院,https://univ-journal.jp/daigakuin/49046/,看護学研究科,北海道
情報科学芸術大学院大学,https://univ-journal.jp/daigakuin/48804/,メディア表現研究科,岐阜県
奈良先端科学技術大学院大学,https://univ-journal.jp/daigakuin/49028/,先端科学技術研究科,奈良県
豊田工業大学大学院,https://univ-journal.jp/daigakuin/49107/,工学研究科,愛知県
青山学院大学大学院,https://univ-journal.jp/daigakuin/48858/,"文学研究科, 教育人間科学研究科, 経済学研究科, 法学研究科, 経営学研究科, 国際政治経済学研究科, 総合文化政策学研究科, 理工学研究科, 社会情報学研究科, 国際マネジメント研究科, 会計プロフェッション研究科","東京都,神奈川県"
埼玉医科大学大学院,https://univ-journal.jp/daigakuin/48725/,"医学研究科, 看護学研究科",埼玉県
阪南大学大学院,https://univ-journal.jp/daigakuin/48724/,企業情報研究科,大阪府
滋賀県立大学大学院,https://univ-journal.jp/daigakuin/48763/,"環境科学研究科, 工学研究科, 人間文化学研究科, 人間看護学研究科",滋賀県
山口大学大学院,https://univ-journal.jp/daigakuin/48744/,"人文科学研究科, 教育学研究科, 経済学研究科, 医学系研究科, 創成科学研究科, 東アジア研究科, 技術経営研究科, 共同獣医学研究科, 鳥取大学大学院連合農学研究科",山口県
尚美学園大学大学院,https://univ-journal.jp/daigakuin/48785/,"芸術情報研究科, 総合政策研究科",埼玉県
公立小松大学大学院,https://univ-journal.jp/daigakuin/93540/,サステイナブルシステム科学研究科,石川県
東京海洋大学大学院,https://univ-journal.jp/daigakuin/48975/,海洋科学技術研究科,東京都
同志社大学大学院,https://univ-journal.jp/daigakuin/49021/,"神学研究科, 文学研究科, 社会学研究科, 法学研究科, 経済学研究科, 商学研究科, 総合政策科学研究科, 文化情報学研究科, 理工学研究科, 生命医科学研究科, スポーツ健康科学研究科, 心理学研究科, グローバル・スタディーズ研究科, 脳科学研究科, 司法研究科, ビジネス研究科",京都府
滋賀医科大学大学院,https://univ-journal.jp/daigakuin/48762/,医学系研究科,滋賀県
常磐大学大学院,https://univ-journal.jp/daigakuin/48801/,"人間科学研究科, 看護学研究科",茨城県
静岡社会健康医学大学院大学,https://univ-journal.jp/daigakuin/79187/,社会健康医学研究科,静岡県
公立千歳科学技術大学大学院,https://univ-journal.jp/daigakuin/48684/,理工学研究科,北海道
鹿児島国際大学大学院,https://univ-journal.jp/daigakuin/48768/,"経済学研究科, 福祉社会学研究科, 国際文化研究科",鹿児島県
聖学院大学大学院,https://univ-journal.jp/daigakuin/48849/,"文化総合学研究科, 政治政策学研究科, 心理福祉学研究科",埼玉県
日本社会事業大学大学院,https://univ-journal.jp/daigakuin/49037/,"社会福祉学研究科, 福祉マネジメント研究科",東京都
法政大学大学院,https://univ-journal.jp/daigakuin/49104/,"人文科学研究科, 国際文化研究科, 経済学研究科, 法学研究科, 政治学研究科, 社会学研究科, 経営学研究科, キャリアデザイン学研究科, 公共政策研究科, 政治学／公共政策研究科, 政策創造研究科, 人間社会研究科, スポーツ健康学研究科, 理工学研究科, 情報科学研究科, デザイン工学研究科, 情報科学／理工学研究科, 法務研究科, イノベーション・マネジメント研究科",東京都
ものつくり大学大学院,https://univ-journal.jp/daigakuin/48540/,ものつくり学研究科,埼玉県
昭和大学大学院,https://univ-journal.jp/daigakuin/48789/,"医学研究科, 歯学研究科, 薬学研究科, 保健医療学研究科","東京都,神奈川県"
フェリス女学院大学大学院,https://univ-journal.jp/daigakuin/48539/,"人文科学研究科, 国際交流研究科, 音楽研究科",神奈川県
文教大学大学院,https://univ-journal.jp/daigakuin/49093/,"教育学研究科, 人間科学研究科, 言語文化研究科, 情報学研究科, 国際学研究科","埼玉県,東京都,神奈川県"
桃山学院大学大学院,https://univ-journal.jp/daigakuin/49017/,"文学研究科, 社会学研究科, 経済学研究科, 経営学研究科",大阪府
新潟県立大学大学院,https://univ-journal.jp/daigakuin/48809/,"国際地域学研究科, 健康栄養学研究科",新潟県
白鴎大学大学院,https://univ-journal.jp/daigakuin/49056/,"経営学研究科, 法学研究科",栃木県
女子栄養大学大学院,https://univ-journal.jp/daigakuin/48782/,栄養学研究科,埼玉県
日本赤十字広島看護大学大学院,https://univ-journal.jp/daigakuin/49043/,看護学研究科,広島県
立正大学大学院,https://univ-journal.jp/daigakuin/49149/,"文学研究科, 経済学研究科, 法学研究科, 経営学研究科, 社会福祉学研究科, 地球環境科学研究科, 心理学研究科","埼玉県,東京都"
岐阜女子大学大学院　文化創造学研究科（通信教育課程）,https://univ-journal.jp/daigakuin/73509/,文化創造学研究科,通信
岩手保健医療大学大学院,https://univ-journal.jp/daigakuin/48605/,看護学研究科,岩手県
森ノ宮医療大学大学院,https://univ-journal.jp/daigakuin/48816/,保健医療学研究科,大阪府
東京造形大学大学院,https://univ-journal.jp/daigakuin/48991/,造形研究科,東京都
滋慶医療科学大学院大学,https://univ-journal.jp/daigakuin/48765/,医療管理学研究科,大阪府
沖縄国際大学大学院,https://univ-journal.jp/daigakuin/48582/,"地域文化研究科, 地域産業研究科, 法学研究科",沖縄県
弘前医療福祉大学大学院　※2024年4月 大学院新設予定,https://univ-journal.jp/daigakuin/232738/,地域健康支援学研究科,青森県
中部大学大学院,https://univ-journal.jp/daigakuin/48936/,"工学研究科, 経営情報学研究科, 国際人間学研究科, 応用生物学研究科, 生命健康科学研究科, 教育学研究科",愛知県
日本女子体育大学大学院,https://univ-journal.jp/daigakuin/49039/,スポーツ科学研究科,東京都
千葉商科大学大学院,https://univ-journal.jp/daigakuin/48875/,"政策研究科, 商学研究科, 会計ファイナンス研究科","千葉県,東京都"
東京有明医療大学大学院,https://univ-journal.jp/daigakuin/49001/,"保健医療学研究科, 看護学研究科",東京都
福井大学大学院,https://univ-journal.jp/daigakuin/49075/,"福井大学・奈良女子大学・岐阜聖徳学園大学連合教職開発研究科, 医学系研究科, 大阪大学大学院連合小児発達学研究科, 工学研究科, 国際地域マネジメント研究科",福井県
聖徳大学大学院　通信教育課程,https://univ-journal.jp/daigakuin/73518/,児童学研究科,通信
田園調布学園大学大学院,https://univ-journal.jp/daigakuin/48960/,人間学研究科,神奈川県
札幌学院大学大学院,https://univ-journal.jp/daigakuin/48734/,"法学研究科, 臨床心理学研究科, 地域社会マネジメント研究科",北海道
城西国際大学大学院,https://univ-journal.jp/daigakuin/48799/,"人文科学研究科, 経営情報学研究科, 福祉総合学研究科, ビジネスデザイン研究科, 薬学研究科, 国際アドミニストレーション研究科, 健康科学研究科","千葉県,東京都"
旭川医科大学大学院,https://univ-journal.jp/daigakuin/48558/,医学系研究科,北海道
長野県立大学大学院,https://univ-journal.jp/daigakuin/93539/,"ソーシャル・イノベーション研究科, 健康栄養科学研究科",長野県
昭和女子大学大学院,https://univ-journal.jp/daigakuin/48788/,"文学研究科, 生活機構研究科, 福祉社会・経営研究科",東京都
関西学院大学大学院,https://univ-journal.jp/daigakuin/48595/,"神学研究科, 文学研究科, 社会学研究科, 法学研究科, 経済学研究科, 商学研究科, 理工学研究科, 総合政策研究科, 言語コミュニケーション文化研究科, 人間福祉研究科, 教育学研究科, 国際学研究科, 司法研究科, 経営戦略研究科",兵庫県
神田外語大学大学院,https://univ-journal.jp/daigakuin/48828/,言語科学研究科,千葉県
関西福祉科学大学大学院,https://univ-journal.jp/daigakuin/57883/,社会福祉学研究科,大阪府
日本大学大学院,https://univ-journal.jp/daigakuin/49048/,"法学研究科, 新聞学研究科, 文学研究科, 総合基礎科学研究科, 経済学研究科, 商学研究科, 芸術学研究科, 国際関係研究科, 理工学研究科, 生産工学研究科, 工学研究科, 医学研究科, 歯学研究科, 松戸歯学研究科, 生物資源科学研究科, 獣医学研究科, 薬学研究科, 法務研究科, 危機管理学研究科, スポーツ科学研究科","福島県,千葉県,東京都,神奈川県,静岡県"
日本文理大学大学院,https://univ-journal.jp/daigakuin/49050/,工学研究科,大分県
SBI大学院大学,https://univ-journal.jp/daigakuin/73507/,経営管理研究科,通信
LEC東京リーガルマインド大学院大学,https://univ-journal.jp/daigakuin/48528/,高度専門職研究科,東京都
愛知淑徳大学大学院,https://univ-journal.jp/daigakuin/48553/,"文化創造研究科, 教育学研究科, 心理医療科学研究科, 健康栄養科学研究科 ※2024年4月 新設, グローバルカルチャー・コミュニケーション研究科, ビジネス研究科",愛知県
名古屋市立大学大学院,https://univ-journal.jp/daigakuin/49131/,"医学研究科, 薬学研究科, 経済学研究科, 人間文化研究科, 芸術工学研究科, 看護学研究科, 理学研究科",愛知県
筑波大学大学院,https://univ-journal.jp/daigakuin/48929/,"人文社会ビジネス科学学術院, 理工情報生命学術院, 人間総合科学学術院","茨城県,東京都"
くらしき作陽大学大学院,https://univ-journal.jp/daigakuin/48532/,音楽研究科,岡山県
大阪国際大学大学院,https://univ-journal.jp/daigakuin/48903/,経営情報学研究科,大阪府
長野県看護大学大学院,https://univ-journal.jp/daigakuin/48946/,看護学研究科,長野県
東京藝術大学大学院,https://univ-journal.jp/daigakuin/49003/,"美術研究科, 音楽研究科, 映像研究科, 国際芸術創造研究科","茨城県,東京都,神奈川県"
京都府立医科大学大学院,https://univ-journal.jp/daigakuin/48639/,"医学研究科, 保健看護研究科",京都府
四日市看護医療大学大学院,https://univ-journal.jp/daigakuin/48757/,看護医療学研究科 ※2024年4月 看護学研究科より名称変更予定,三重県
金沢美術工芸大学大学院,https://univ-journal.jp/daigakuin/48655/,美術工芸研究科,石川県
北星学園大学大学院,https://univ-journal.jp/daigakuin/49118/,"文学研究科, 経済学研究科, 社会福祉学研究科",北海道
東京電機大学大学院,https://univ-journal.jp/daigakuin/48993/,"先端科学技術研究科, システムデザイン工学研究科, 未来科学研究科, 工学研究科, 理工学研究科","埼玉県,東京都"
宇都宮大学大学院,https://univ-journal.jp/daigakuin/48568/,"地域創生科学研究科, 教育学研究科, 東京農工大学大学院連合農学研究科",栃木県
三重県立看護大学大学院,https://univ-journal.jp/daigakuin/48738/,看護学研究科,三重県
武蔵大学大学院,https://univ-journal.jp/daigakuin/49067/,"経済学研究科, 人文科学研究科",東京都
東京薬科大学大学院,https://univ-journal.jp/daigakuin/49000/,"薬学研究科, 生命科学研究科",東京都
兵庫県立大学大学院,https://univ-journal.jp/daigakuin/49098/,"社会科学研究科, 工学研究科, 理学研究科, 環境人間学研究科, 看護学研究科, 情報科学研究科, 地域資源マネジメント研究科, 緑環境景観マネジメント研究科, 減災復興政策研究科",兵庫県
大妻女子大学大学院,https://univ-journal.jp/daigakuin/48894/,人間文化研究科,東京都
帝塚山大学大学院,https://univ-journal.jp/daigakuin/48957/,"人文科学研究科, 心理科学研究科",奈良県
名古屋音楽大学大学院,https://univ-journal.jp/daigakuin/49123/,音楽研究科,愛知県
福山平成大学大学院,https://univ-journal.jp/daigakuin/49086/,"経営学研究科, スポーツ健康科学研究科, 看護学研究科",広島県
岡山県立大学大学院,https://univ-journal.jp/daigakuin/48574/,"保健福祉学研究科, 情報系工学研究科, デザイン学研究科",岡山県
東京工芸大学大学院,https://univ-journal.jp/daigakuin/48982/,"工学研究科, 芸術学研究科","東京都,神奈川県"
別府大学大学院,https://univ-journal.jp/daigakuin/49101/,"文学研究科, 食物栄養科学研究科",大分県
広島大学大学院,https://univ-journal.jp/daigakuin/48693/,"人間社会科学研究科, 先進理工系科学研究科, 統合生命科学研究科, 医系科学研究科",広島県
大手前大学大学院,https://univ-journal.jp/daigakuin/48919/,"比較文化研究科, 国際看護学研究科",兵庫県
芦屋大学大学院,https://univ-journal.jp/daigakuin/48560/,教育学研究科,兵庫県
愛知文教大学大学院,https://univ-journal.jp/daigakuin/48555/,国際文化研究科,愛知県
関西看護医療大学大学院,https://univ-journal.jp/daigakuin/48596/,看護学研究科,兵庫県
愛知工科大学大学院,https://univ-journal.jp/daigakuin/48550/,工学研究科,愛知県
大阪経済法科大学大学院,https://univ-journal.jp/daigakuin/48900/,経済学研究科,大阪府
大同大学大学院,https://univ-journal.jp/daigakuin/48923/,"工学研究科, 情報学研究科",愛知県
東京医科歯科大学大学院,https://univ-journal.jp/daigakuin/48969/,"医歯学総合研究科, 保健衛生学研究科",東京都
福島学院大学大学院,https://univ-journal.jp/daigakuin/49087/,心理学研究科,福島県
高知大学大学院,https://univ-journal.jp/daigakuin/48711/,"総合人間自然科学研究科, 愛媛大学大学院連合農学研究科",高知県
倉敷芸術科学大学大学院,https://univ-journal.jp/daigakuin/48884/,"芸術研究科, 産業科学技術研究科, 人間文化研究科",岡山県
金城大学大学院,https://univ-journal.jp/daigakuin/48649/,総合リハビリテーション学研究科,石川県
国立音楽大学大学院,https://univ-journal.jp/daigakuin/48720/,音楽研究科,東京都
文化ファッション大学院大学,https://univ-journal.jp/daigakuin/49090/,ファッションビジネス研究科,東京都
静岡大学大学院,https://univ-journal.jp/daigakuin/48863/,"人文社会科学研究科, 総合科学技術研究科, 創造科学技術大学院, 教育学研究科, 光医工学研究科, 岐阜大学大学院連合農学研究科",静岡県
山梨県立大学大学院,https://univ-journal.jp/daigakuin/48749/,"看護学研究科, 人間福祉学研究科 ※2024年4月 新設",山梨県
兵庫医科大学大学院,https://univ-journal.jp/daigakuin/49095/,"医学研究科, 薬学研究科, 看護学研究科, リハビリテーション科学研究科 ※2024年4月 医療科学研究科より名称変更予定",兵庫県
高松大学大学院,https://univ-journal.jp/daigakuin/48707/,経営学研究科,香川県
札幌大学大学院,https://univ-journal.jp/daigakuin/48737/,地域・文化学研究科,北海道
武庫川女子大学大学院,https://univ-journal.jp/daigakuin/49066/,"文学研究科, 臨床教育学研究科, 健康・スポーツ科学研究科, 生活環境学研究科, 食物栄養科学研究科, 建築学研究科, 薬学研究科, 看護学研究科",兵庫県
埼玉県立大学大学院,https://univ-journal.jp/daigakuin/48727/,保健医療福祉学研究科,埼玉県
大学院大学至善館,https://univ-journal.jp/daigakuin/48892/,イノベーション経営学術院,東京都
岐阜女子大学大学院,https://univ-journal.jp/daigakuin/48609/,"文化創造学研究科, 生活科学研究科",岐阜県
